taskId,sourceNode,destNode,dataSize(Byte),opType,priority,delay,phaseId,dependOnPhases,srcEntityId,dstEntityId,srcPortHint,dstPortHint,taskStartTime(us),taskCompletesTime(us),firstPacketSends(us),lastPacketACKs(us),taskThroughput(Gbps)
0,0,15,4194304,URMA_WRITE,7,0ns,0,,0,0,3,3,0,1117.76004,0.0,0.0,30.0194
1,0,15,4194304,URMA_WRITE,7,0ns,0,,1,1,4,4,0,1116.01088,0.0,0.0,30.0664
2,0,15,4194304,URMA_WRITE,7,0ns,0,,2,2,5,5,0,1115.6032,0.0,0.0,30.0774
3,0,15,4194304,URMA_WRITE,7,0ns,0,,3,3,6,6,0,1117.64732,0.0,0.0,30.0224
4,0,1,16777216,URMA_WRITE,7,0ns,1,,0,0,0,0,0,367.25124,0.0,0.0,365.4657
5,0,14,4194304,URMA_WRITE,7,0ns,2,,0,0,3,3,0,1119.70312,0.0,0.0,29.9673
6,0,14,4194304,URMA_WRITE,7,0ns,2,,1,1,4,4,0,1116.85676,0.0,0.0,30.0436
7,0,14,4194304,URMA_WRITE,7,0ns,2,,2,2,5,5,0,1117.65836,0.0,0.0,30.0221
8,0,14,4194304,URMA_WRITE,7,0ns,2,,3,3,6,6,0,1117.73928,0.0,0.0,30.0199
9,0,2,16777216,URMA_WRITE,7,0ns,3,,0,0,1,0,0,367.25124,0.0,0.0,365.4657
10,0,13,4194304,URMA_WRITE,7,0ns,4,,0,0,3,3,0,1120.04548,0.0,0.0,29.9581
11,0,13,4194304,URMA_WRITE,7,0ns,4,,1,1,4,4,0,1119.95788,0.0,0.0,29.9604
12,0,13,4194304,URMA_WRITE,7,0ns,4,,2,2,5,5,0,1119.27772,0.0,0.0,29.9786
13,0,13,4194304,URMA_WRITE,7,0ns,4,,3,3,6,6,0,1117.62796,0.0,0.0,30.0229
14,0,3,16777216,URMA_WRITE,7,0ns,5,,0,0,2,0,0,367.25124,0.0,0.0,365.4657
15,0,12,4194304,URMA_WRITE,7,0ns,6,,0,0,3,3,0,1118.18132,0.0,0.0,30.0080
16,0,12,4194304,URMA_WRITE,7,0ns,6,,1,1,4,4,0,1117.99684,0.0,0.0,30.0130
17,0,12,4194304,URMA_WRITE,7,0ns,6,,2,2,5,5,0,1119.21992,0.0,0.0,29.9802
18,0,12,4194304,URMA_WRITE,7,0ns,6,,3,3,6,6,0,1117.567,0.0,0.0,30.0245
19,0,4,4194304,URMA_WRITE,7,0ns,7,,0,0,3,3,0,1118.35588,0.0,0.0,30.0034
20,0,4,4194304,URMA_WRITE,7,0ns,7,,1,1,4,4,0,1119.47996,0.0,0.0,29.9732
21,0,4,4194304,URMA_WRITE,7,0ns,7,,2,2,5,5,0,1118.50024,0.0,0.0,29.9995
22,0,4,4194304,URMA_WRITE,7,0ns,7,,3,3,6,6,0,1118.03476,0.0,0.0,30.0120
23,0,11,4194304,URMA_WRITE,7,0ns,8,,0,0,3,3,0,1118.37196,0.0,0.0,30.0029
24,0,11,4194304,URMA_WRITE,7,0ns,8,,1,1,4,4,0,1118.76136,0.0,0.0,29.9925
25,0,11,4194304,URMA_WRITE,7,0ns,8,,2,2,5,5,0,1117.77176,0.0,0.0,30.0190
26,0,11,4194304,URMA_WRITE,7,0ns,8,,3,3,6,6,0,1117.47336,0.0,0.0,30.0271
27,0,5,4194304,URMA_WRITE,7,0ns,9,,0,0,3,3,0,1118.78992,0.0,0.0,29.9917
28,0,5,4194304,URMA_WRITE,7,0ns,9,,1,1,4,4,0,1118.3808,0.0,0.0,30.0027
29,0,5,4194304,URMA_WRITE,7,0ns,9,,2,2,5,5,0,1117.41548,0.0,0.0,30.0286
30,0,5,4194304,URMA_WRITE,7,0ns,9,,3,3,6,6,0,1117.62616,0.0,0.0,30.0229
31,0,10,4194304,URMA_WRITE,7,0ns,10,,0,0,3,3,0,1117.97532,0.0,0.0,30.0136
32,0,10,4194304,URMA_WRITE,7,0ns,10,,1,1,4,4,0,1118.11596,0.0,0.0,30.0098
33,0,10,4194304,URMA_WRITE,7,0ns,10,,2,2,5,5,0,1117.77524,0.0,0.0,30.0189
34,0,10,4194304,URMA_WRITE,7,0ns,10,,3,3,6,6,0,1119.86092,0.0,0.0,29.9630
35,0,6,4194304,URMA_WRITE,7,0ns,11,,0,0,3,3,0,1118.1706,0.0,0.0,30.0083
36,0,6,4194304,URMA_WRITE,7,0ns,11,,1,1,4,4,0,1116.04172,0.0,0.0,30.0656
37,0,6,4194304,URMA_WRITE,7,0ns,11,,2,2,5,5,0,1117.47228,0.0,0.0,30.0271
38,0,6,4194304,URMA_WRITE,7,0ns,11,,3,3,6,6,0,1117.80976,0.0,0.0,30.0180
39,0,9,4194304,URMA_WRITE,7,0ns,12,,0,0,3,3,0,1117.9904,0.0,0.0,30.0132
40,0,9,4194304,URMA_WRITE,7,0ns,12,,1,1,4,4,0,1117.86108,0.0,0.0,30.0166
41,0,9,4194304,URMA_WRITE,7,0ns,12,,2,2,5,5,0,1119.09212,0.0,0.0,29.9836
42,0,9,4194304,URMA_WRITE,7,0ns,12,,3,3,6,6,0,1118.82812,0.0,0.0,29.9907
43,0,7,4194304,URMA_WRITE,7,0ns,13,,0,0,3,3,0,1118.36588,0.0,0.0,30.0031
44,0,7,4194304,URMA_WRITE,7,0ns,13,,1,1,4,4,0,1117.10948,0.0,0.0,30.0368
45,0,7,4194304,URMA_WRITE,7,0ns,13,,2,2,5,5,0,1118.90036,0.0,0.0,29.9888
46,0,7,4194304,URMA_WRITE,7,0ns,13,,3,3,6,6,0,1119.67148,0.0,0.0,29.9681
47,0,8,4194304,URMA_WRITE,7,0ns,14,,0,0,3,3,0,1118.29672,0.0,0.0,30.0049
48,0,8,4194304,URMA_WRITE,7,0ns,14,,1,1,4,4,0,1117.5936,0.0,0.0,30.0238
49,0,8,4194304,URMA_WRITE,7,0ns,14,,2,2,5,5,0,1117.34508,0.0,0.0,30.0305
50,0,8,4194304,URMA_WRITE,7,0ns,14,,3,3,6,6,0,1117.79976,0.0,0.0,30.0183
51,1,0,16777216,URMA_WRITE,7,0ns,15,,0,0,0,0,0,367.25124,0.0,0.0,365.4657
52,1,2,16777216,URMA_WRITE,7,0ns,16,,0,0,1,1,0,367.25124,0.0,0.0,365.4657
53,1,15,4194304,URMA_WRITE,7,0ns,17,,0,0,3,3,0,1116.06268,0.0,0.0,30.0650
54,1,15,4194304,URMA_WRITE,7,0ns,17,,1,1,4,4,0,1115.91824,0.0,0.0,30.0689
55,1,15,4194304,URMA_WRITE,7,0ns,17,,2,2,5,5,0,1118.15176,0.0,0.0,30.0088
56,1,15,4194304,URMA_WRITE,7,0ns,17,,3,3,6,6,0,1120.062,0.0,0.0,29.9577
57,1,3,16777216,URMA_WRITE,7,0ns,18,,0,0,2,1,0,367.25124,0.0,0.0,365.4657
58,1,14,4194304,URMA_WRITE,7,0ns,19,,0,0,3,3,0,1119.58,0.0,0.0,29.9706
59,1,14,4194304,URMA_WRITE,7,0ns,19,,1,1,4,4,0,1118.22244,0.0,0.0,30.0069
60,1,14,4194304,URMA_WRITE,7,0ns,19,,2,2,5,5,0,1119.12204,0.0,0.0,29.9828
61,1,14,4194304,URMA_WRITE,7,0ns,19,,3,3,6,6,0,1119.97936,0.0,0.0,29.9599
62,1,4,4194304,URMA_WRITE,7,0ns,20,,0,0,3,3,0,1116.3782,0.0,0.0,30.0565
63,1,4,4194304,URMA_WRITE,7,0ns,20,,1,1,4,4,0,1118.87948,0.0,0.0,29.9893
64,1,4,4194304,URMA_WRITE,7,0ns,20,,2,2,5,5,0,1119.26884,0.0,0.0,29.9789
65,1,4,4194304,URMA_WRITE,7,0ns,20,,3,3,6,6,0,1120.5252,0.0,0.0,29.9453
66,1,13,4194304,URMA_WRITE,7,0ns,21,,0,0,3,3,0,1120.01548,0.0,0.0,29.9589
67,1,13,4194304,URMA_WRITE,7,0ns,21,,1,1,4,4,0,1120.43108,0.0,0.0,29.9478
68,1,13,4194304,URMA_WRITE,7,0ns,21,,2,2,5,5,0,1119.28772,0.0,0.0,29.9784
69,1,13,4194304,URMA_WRITE,7,0ns,21,,3,3,6,6,0,1119.89672,0.0,0.0,29.9621
70,1,5,4194304,URMA_WRITE,7,0ns,22,,0,0,3,3,0,1118.69728,0.0,0.0,29.9942
71,1,5,4194304,URMA_WRITE,7,0ns,22,,1,1,4,4,0,1118.35732,0.0,0.0,30.0033
72,1,5,4194304,URMA_WRITE,7,0ns,22,,2,2,5,5,0,1118.50932,0.0,0.0,29.9992
73,1,5,4194304,URMA_WRITE,7,0ns,22,,3,3,6,6,0,1120.74048,0.0,0.0,29.9395
74,1,12,4194304,URMA_WRITE,7,0ns,23,,0,0,3,3,0,1117.36656,0.0,0.0,30.0299
75,1,12,4194304,URMA_WRITE,7,0ns,23,,1,1,4,4,0,1118.00684,0.0,0.0,30.0127
76,1,12,4194304,URMA_WRITE,7,0ns,23,,2,2,5,5,0,1119.70312,0.0,0.0,29.9673
77,1,12,4194304,URMA_WRITE,7,0ns,23,,3,3,6,6,0,1120.44256,0.0,0.0,29.9475
78,1,6,4194304,URMA_WRITE,7,0ns,24,,0,0,3,3,0,1118.06884,0.0,0.0,30.0111
79,1,6,4194304,URMA_WRITE,7,0ns,24,,1,1,4,4,0,1116.47264,0.0,0.0,30.0540
80,1,6,4194304,URMA_WRITE,7,0ns,24,,2,2,5,5,0,1118.51932,0.0,0.0,29.9990
81,1,6,4194304,URMA_WRITE,7,0ns,24,,3,3,6,6,0,1120.717,0.0,0.0,29.9401
82,1,11,4194304,URMA_WRITE,7,0ns,25,,0,0,3,3,0,1118.39132,0.0,0.0,30.0024
83,1,11,4194304,URMA_WRITE,7,0ns,25,,1,1,4,4,0,1118.99492,0.0,0.0,29.9862
84,1,11,4194304,URMA_WRITE,7,0ns,25,,2,2,5,5,0,1118.67544,0.0,0.0,29.9948
85,1,11,4194304,URMA_WRITE,7,0ns,25,,3,3,6,6,0,1120.35992,0.0,0.0,29.9497
86,1,7,4194304,URMA_WRITE,7,0ns,26,,0,0,3,3,0,1116.99864,0.0,0.0,30.0398
87,1,7,4194304,URMA_WRITE,7,0ns,26,,1,1,4,4,0,1116.9514,0.0,0.0,30.0411
88,1,7,4194304,URMA_WRITE,7,0ns,26,,2,2,5,5,0,1118.8546,0.0,0.0,29.9900
89,1,7,4194304,URMA_WRITE,7,0ns,26,,3,3,6,6,0,1120.75748,0.0,0.0,29.9391
90,1,10,4194304,URMA_WRITE,7,0ns,27,,0,0,3,3,0,1116.88508,0.0,0.0,30.0429
91,1,10,4194304,URMA_WRITE,7,0ns,27,,1,1,4,4,0,1118.1768,0.0,0.0,30.0082
92,1,10,4194304,URMA_WRITE,7,0ns,27,,2,2,5,5,0,1118.8746,0.0,0.0,29.9894
93,1,10,4194304,URMA_WRITE,7,0ns,27,,3,3,6,6,0,1120.80748,0.0,0.0,29.9377
94,1,8,4194304,URMA_WRITE,7,0ns,28,,0,0,3,3,0,1116.9298,0.0,0.0,30.0417
95,1,8,4194304,URMA_WRITE,7,0ns,28,,1,1,4,4,0,1118.01116,0.0,0.0,30.0126
96,1,8,4194304,URMA_WRITE,7,0ns,28,,2,2,5,5,0,1118.7746,0.0,0.0,29.9921
97,1,8,4194304,URMA_WRITE,7,0ns,28,,3,3,6,6,0,1120.76748,0.0,0.0,29.9388
98,1,9,4194304,URMA_WRITE,7,0ns,29,,0,0,3,3,0,1116.82824,0.0,0.0,30.0444
99,1,9,4194304,URMA_WRITE,7,0ns,29,,1,1,4,4,0,1117.79316,0.0,0.0,30.0185
100,1,9,4194304,URMA_WRITE,7,0ns,29,,2,2,5,5,0,1119.17476,0.0,0.0,29.9814
101,1,9,4194304,URMA_WRITE,7,0ns,29,,3,3,6,6,0,1120.77748,0.0,0.0,29.9385
102,2,1,16777216,URMA_WRITE,7,0ns,30,,0,0,1,1,0,367.25124,0.0,0.0,365.4657
103,2,3,16777216,URMA_WRITE,7,0ns,31,,0,0,2,2,0,367.25124,0.0,0.0,365.4657
104,2,0,16777216,URMA_WRITE,7,0ns,32,,0,0,0,1,0,367.25124,0.0,0.0,365.4657
105,2,4,4194304,URMA_WRITE,7,0ns,33,,0,0,3,3,0,1116.89188,0.0,0.0,30.0427
106,2,4,4194304,URMA_WRITE,7,0ns,33,,1,1,4,4,0,1119.4958,0.0,0.0,29.9728
107,2,4,4194304,URMA_WRITE,7,0ns,33,,2,2,5,5,0,1120.34264,0.0,0.0,29.9502
108,2,4,4194304,URMA_WRITE,7,0ns,33,,3,3,6,6,0,1118.72272,0.0,0.0,29.9935
109,2,15,4194304,URMA_WRITE,7,0ns,34,,0,0,3,3,0,1116.51636,0.0,0.0,30.0528
110,2,15,4194304,URMA_WRITE,7,0ns,34,,1,1,4,4,0,1116.94772,0.0,0.0,30.0412
111,2,15,4194304,URMA_WRITE,7,0ns,34,,2,2,5,5,0,1119.87944,0.0,0.0,29.9625
112,2,15,4194304,URMA_WRITE,7,0ns,34,,3,3,6,6,0,1118.91452,0.0,0.0,29.9884
113,2,5,4194304,URMA_WRITE,7,0ns,35,,0,0,3,3,0,1118.60416,0.0,0.0,29.9967
114,2,5,4194304,URMA_WRITE,7,0ns,35,,1,1,4,4,0,1119.25156,0.0,0.0,29.9793
115,2,5,4194304,URMA_WRITE,7,0ns,35,,2,2,5,5,0,1120.64056,0.0,0.0,29.9422
116,2,5,4194304,URMA_WRITE,7,0ns,35,,3,3,6,6,0,1118.80536,0.0,0.0,29.9913
117,2,14,4194304,URMA_WRITE,7,0ns,36,,0,0,3,3,0,1119.37472,0.0,0.0,29.9760
118,2,14,4194304,URMA_WRITE,7,0ns,36,,1,1,4,4,0,1118.61444,0.0,0.0,29.9964
119,2,14,4194304,URMA_WRITE,7,0ns,36,,2,2,5,5,0,1119.7968,0.0,0.0,29.9648
120,2,14,4194304,URMA_WRITE,7,0ns,36,,3,3,6,6,0,1118.90452,0.0,0.0,29.9886
121,2,6,4194304,URMA_WRITE,7,0ns,37,,0,0,3,3,0,1118.43772,0.0,0.0,30.0012
122,2,6,4194304,URMA_WRITE,7,0ns,37,,1,1,4,4,0,1118.05084,0.0,0.0,30.0115
123,2,6,4194304,URMA_WRITE,7,0ns,37,,2,2,5,5,0,1120.7232,0.0,0.0,29.9400
124,2,6,4194304,URMA_WRITE,7,0ns,37,,3,3,6,6,0,1118.888,0.0,0.0,29.9891
125,2,13,4194304,URMA_WRITE,7,0ns,38,,0,0,3,3,0,1120.02548,0.0,0.0,29.9586
126,2,13,4194304,URMA_WRITE,7,0ns,38,,1,1,4,4,0,1120.62636,0.0,0.0,29.9426
127,2,13,4194304,URMA_WRITE,7,0ns,38,,2,2,5,5,0,1119.71416,0.0,0.0,29.9670
128,2,13,4194304,URMA_WRITE,7,0ns,38,,3,3,6,6,0,1118.13244,0.0,0.0,30.0094
129,2,7,4194304,URMA_WRITE,7,0ns,39,,0,0,3,3,0,1117.07244,0.0,0.0,30.0378
130,2,7,4194304,URMA_WRITE,7,0ns,39,,1,1,4,4,0,1117.75592,0.0,0.0,30.0195
131,2,7,4194304,URMA_WRITE,7,0ns,39,,2,2,5,5,0,1120.69972,0.0,0.0,29.9406
132,2,7,4194304,URMA_WRITE,7,0ns,39,,3,3,6,6,0,1119.62,0.0,0.0,29.9695
133,2,12,4194304,URMA_WRITE,7,0ns,40,,0,0,3,3,0,1117.4974,0.0,0.0,30.0264
134,2,12,4194304,URMA_WRITE,7,0ns,40,,1,1,4,4,0,1118.22212,0.0,0.0,30.0069
135,2,12,4194304,URMA_WRITE,7,0ns,40,,2,2,5,5,0,1120.26,0.0,0.0,29.9524
136,2,12,4194304,URMA_WRITE,7,0ns,40,,3,3,6,6,0,1118.6296,0.0,0.0,29.9960
137,2,8,4194304,URMA_WRITE,7,0ns,41,,0,0,3,3,0,1117.01244,0.0,0.0,30.0394
138,2,8,4194304,URMA_WRITE,7,0ns,41,,1,1,4,4,0,1118.15084,0.0,0.0,30.0089
139,2,8,4194304,URMA_WRITE,7,0ns,41,,2,2,5,5,0,1120.70972,0.0,0.0,29.9403
140,2,8,4194304,URMA_WRITE,7,0ns,41,,3,3,6,6,0,1119.00716,0.0,0.0,29.9859
141,2,11,4194304,URMA_WRITE,7,0ns,42,,0,0,3,3,0,1118.41132,0.0,0.0,30.0019
142,2,11,4194304,URMA_WRITE,7,0ns,42,,1,1,4,4,0,1119.00492,0.0,0.0,29.9860
143,2,11,4194304,URMA_WRITE,7,0ns,42,,2,2,5,5,0,1120.82972,0.0,0.0,29.9371
144,2,11,4194304,URMA_WRITE,7,0ns,42,,3,3,6,6,0,1119.03764,0.0,0.0,29.9851
145,2,9,4194304,URMA_WRITE,7,0ns,43,,0,0,3,3,0,1117.22132,0.0,0.0,30.0338
146,2,9,4194304,URMA_WRITE,7,0ns,43,,1,1,4,4,0,1118.13084,0.0,0.0,30.0094
147,2,9,4194304,URMA_WRITE,7,0ns,43,,2,2,5,5,0,1120.74972,0.0,0.0,29.9393
148,2,9,4194304,URMA_WRITE,7,0ns,43,,3,3,6,6,0,1119.68968,0.0,0.0,29.9676
149,2,10,4194304,URMA_WRITE,7,0ns,44,,0,0,3,3,0,1116.49908,0.0,0.0,30.0533
150,2,10,4194304,URMA_WRITE,7,0ns,44,,1,1,4,4,0,1118.29308,0.0,0.0,30.0050
151,2,10,4194304,URMA_WRITE,7,0ns,44,,2,2,5,5,0,1120.81972,0.0,0.0,29.9374
152,2,10,4194304,URMA_WRITE,7,0ns,44,,3,3,6,6,0,1119.74176,0.0,0.0,29.9662
153,3,2,16777216,URMA_WRITE,7,0ns,45,,0,0,2,2,0,367.25124,0.0,0.0,365.4657
154,3,4,4194304,URMA_WRITE,7,0ns,46,,0,0,3,3,0,1118.98788,0.0,0.0,29.9864
155,3,4,4194304,URMA_WRITE,7,0ns,46,,1,1,4,4,0,1121.2328,0.0,0.0,29.9264
156,3,4,4194304,URMA_WRITE,7,0ns,46,,2,2,5,5,0,1119.16572,0.0,0.0,29.9816
157,3,4,4194304,URMA_WRITE,7,0ns,46,,3,3,6,6,0,1118.27356,0.0,0.0,30.0056
158,3,1,16777216,URMA_WRITE,7,0ns,47,,0,0,1,2,0,367.25124,0.0,0.0,365.4657
159,3,5,4194304,URMA_WRITE,7,0ns,48,,0,0,3,3,0,1119.21048,0.0,0.0,29.9804
160,3,5,4194304,URMA_WRITE,7,0ns,48,,1,1,4,4,0,1121.31544,0.0,0.0,29.9242
161,3,5,4194304,URMA_WRITE,7,0ns,48,,2,2,5,5,0,1118.72588,0.0,0.0,29.9934
162,3,5,4194304,URMA_WRITE,7,0ns,48,,3,3,6,6,0,1117.57748,0.0,0.0,30.0243
163,3,0,16777216,URMA_WRITE,7,0ns,49,,0,0,0,2,0,367.25124,0.0,0.0,365.4657
164,3,6,4194304,URMA_WRITE,7,0ns,50,,0,0,3,3,0,1118.88872,0.0,0.0,29.9891
165,3,6,4194304,URMA_WRITE,7,0ns,50,,1,1,4,4,0,1121.39808,0.0,0.0,29.9220
166,3,6,4194304,URMA_WRITE,7,0ns,50,,2,2,5,5,0,1118.80852,0.0,0.0,29.9912
167,3,6,4194304,URMA_WRITE,7,0ns,50,,3,3,6,6,0,1117.48204,0.0,0.0,30.0268
168,3,15,4194304,URMA_WRITE,7,0ns,51,,0,0,3,3,0,1118.0382,0.0,0.0,30.0119
169,3,15,4194304,URMA_WRITE,7,0ns,51,,1,1,4,4,0,1121.15016,0.0,0.0,29.9286
170,3,15,4194304,URMA_WRITE,7,0ns,51,,2,2,5,5,0,1118.2422,0.0,0.0,30.0064
171,3,15,4194304,URMA_WRITE,7,0ns,51,,3,3,6,6,0,1117.88276,0.0,0.0,30.0161
172,3,7,4194304,URMA_WRITE,7,0ns,52,,0,0,3,3,0,1118.49372,0.0,0.0,29.9997
173,3,7,4194304,URMA_WRITE,7,0ns,52,,1,1,4,4,0,1121.61336,0.0,0.0,29.9162
174,3,7,4194304,URMA_WRITE,7,0ns,52,,2,2,5,5,0,1119.11644,0.0,0.0,29.9830
175,3,7,4194304,URMA_WRITE,7,0ns,52,,3,3,6,6,0,1119.45184,0.0,0.0,29.9740
176,3,14,4194304,URMA_WRITE,7,0ns,53,,0,0,3,3,0,1119.69312,0.0,0.0,29.9675
177,3,14,4194304,URMA_WRITE,7,0ns,53,,1,1,4,4,0,1121.04356,0.0,0.0,29.9314
178,3,14,4194304,URMA_WRITE,7,0ns,53,,2,2,5,5,0,1119.00032,0.0,0.0,29.9861
179,3,14,4194304,URMA_WRITE,7,0ns,53,,3,3,6,6,0,1116.6666,0.0,0.0,30.0487
180,3,8,4194304,URMA_WRITE,7,0ns,54,,0,0,3,3,0,1118.97136,0.0,0.0,29.9869
181,3,8,4194304,URMA_WRITE,7,0ns,54,,1,1,4,4,0,1121.45724,0.0,0.0,29.9204
182,3,8,4194304,URMA_WRITE,7,0ns,54,,2,2,5,5,0,1118.9738,0.0,0.0,29.9868
183,3,8,4194304,URMA_WRITE,7,0ns,54,,3,3,6,6,0,1117.56504,0.0,0.0,30.0246
184,3,13,4194304,URMA_WRITE,7,0ns,55,,0,0,3,3,0,1120.05548,0.0,0.0,29.9578
185,3,13,4194304,URMA_WRITE,7,0ns,55,,1,1,4,4,0,1121.06704,0.0,0.0,29.9308
186,3,13,4194304,URMA_WRITE,7,0ns,55,,2,2,5,5,0,1118.99032,0.0,0.0,29.9863
187,3,13,4194304,URMA_WRITE,7,0ns,55,,3,3,6,6,0,1117.0638,0.0,0.0,30.0381
188,3,9,4194304,URMA_WRITE,7,0ns,56,,0,0,3,3,0,1118.99788,0.0,0.0,29.9861
189,3,9,4194304,URMA_WRITE,7,0ns,56,,1,1,4,4,0,1121.58988,0.0,0.0,29.9168
190,3,9,4194304,URMA_WRITE,7,0ns,56,,2,2,5,5,0,1119.34004,0.0,0.0,29.9770
191,3,9,4194304,URMA_WRITE,7,0ns,56,,3,3,6,6,0,1119.71668,0.0,0.0,29.9669
192,3,12,4194304,URMA_WRITE,7,0ns,57,,0,0,3,3,0,1119.04788,0.0,0.0,29.9848
193,3,12,4194304,URMA_WRITE,7,0ns,57,,1,1,4,4,0,1121.64036,0.0,0.0,29.9155
194,3,12,4194304,URMA_WRITE,7,0ns,57,,2,2,5,5,0,1119.35004,0.0,0.0,29.9767
195,3,12,4194304,URMA_WRITE,7,0ns,57,,3,3,6,6,0,1117.08728,0.0,0.0,30.0374
196,3,10,4194304,URMA_WRITE,7,0ns,58,,0,0,3,3,0,1119.00788,0.0,0.0,29.9859
197,3,10,4194304,URMA_WRITE,7,0ns,58,,1,1,4,4,0,1121.59036,0.0,0.0,29.9168
198,3,10,4194304,URMA_WRITE,7,0ns,58,,2,2,5,5,0,1119.22344,0.0,0.0,29.9801
199,3,10,4194304,URMA_WRITE,7,0ns,58,,3,3,6,6,0,1119.28856,0.0,0.0,29.9784
200,3,11,4194304,URMA_WRITE,7,0ns,59,,0,0,3,3,0,1119.08788,0.0,0.0,29.9837
201,3,11,4194304,URMA_WRITE,7,0ns,59,,1,1,4,4,0,1121.60036,0.0,0.0,29.9166
202,3,11,4194304,URMA_WRITE,7,0ns,59,,2,2,5,5,0,1119.20344,0.0,0.0,29.9806
203,3,11,4194304,URMA_WRITE,7,0ns,59,,3,3,6,6,0,1117.83276,0.0,0.0,30.0174
204,4,3,4194304,URMA_WRITE,7,0ns,60,,0,0,3,3,0,1118.98788,0.0,0.0,29.9864
205,4,3,4194304,URMA_WRITE,7,0ns,60,,1,1,4,4,0,1121.2328,0.0,0.0,29.9264
206,4,3,4194304,URMA_WRITE,7,0ns,60,,2,2,5,5,0,1119.16572,0.0,0.0,29.9816
207,4,3,4194304,URMA_WRITE,7,0ns,60,,3,3,6,6,0,1118.27356,0.0,0.0,30.0056
208,4,5,16777216,URMA_WRITE,7,0ns,61,,0,0,0,0,0,367.25124,0.0,0.0,365.4657
209,4,2,4194304,URMA_WRITE,7,0ns,62,,0,0,3,3,0,1116.89188,0.0,0.0,30.0427
210,4,2,4194304,URMA_WRITE,7,0ns,62,,1,1,4,4,0,1119.4958,0.0,0.0,29.9728
211,4,2,4194304,URMA_WRITE,7,0ns,62,,2,2,5,5,0,1120.34264,0.0,0.0,29.9502
212,4,2,4194304,URMA_WRITE,7,0ns,62,,3,3,6,6,0,1118.72272,0.0,0.0,29.9935
213,4,6,16777216,URMA_WRITE,7,0ns,63,,0,0,1,0,0,367.25124,0.0,0.0,365.4657
214,4,1,4194304,URMA_WRITE,7,0ns,64,,0,0,3,3,0,1116.3782,0.0,0.0,30.0565
215,4,1,4194304,URMA_WRITE,7,0ns,64,,1,1,4,4,0,1118.87948,0.0,0.0,29.9893
216,4,1,4194304,URMA_WRITE,7,0ns,64,,2,2,5,5,0,1119.26884,0.0,0.0,29.9789
217,4,1,4194304,URMA_WRITE,7,0ns,64,,3,3,6,6,0,1120.5252,0.0,0.0,29.9453
218,4,7,16777216,URMA_WRITE,7,0ns,65,,0,0,2,0,0,367.25124,0.0,0.0,365.4657
219,4,0,4194304,URMA_WRITE,7,0ns,66,,0,0,3,3,0,1118.35588,0.0,0.0,30.0034
220,4,0,4194304,URMA_WRITE,7,0ns,66,,1,1,4,4,0,1119.47996,0.0,0.0,29.9732
221,4,0,4194304,URMA_WRITE,7,0ns,66,,2,2,5,5,0,1118.50024,0.0,0.0,29.9995
222,4,0,4194304,URMA_WRITE,7,0ns,66,,3,3,6,6,0,1118.03476,0.0,0.0,30.0120
223,4,8,4194304,URMA_WRITE,7,0ns,67,,0,0,3,3,0,1117.47,0.0,0.0,30.0271
224,4,8,4194304,URMA_WRITE,7,0ns,67,,1,1,4,4,0,1119.62192,0.0,0.0,29.9694
225,4,8,4194304,URMA_WRITE,7,0ns,67,,2,2,5,5,0,1119.06656,0.0,0.0,29.9843
226,4,8,4194304,URMA_WRITE,7,0ns,67,,3,3,6,6,0,1118.24352,0.0,0.0,30.0064
227,4,15,4194304,URMA_WRITE,7,0ns,68,,0,0,3,3,0,1116.82476,0.0,0.0,30.0445
228,4,15,4194304,URMA_WRITE,7,0ns,68,,1,1,4,4,0,1119.45996,0.0,0.0,29.9738
229,4,15,4194304,URMA_WRITE,7,0ns,68,,2,2,5,5,0,1118.38412,0.0,0.0,30.0026
230,4,15,4194304,URMA_WRITE,7,0ns,68,,3,3,6,6,0,1117.75732,0.0,0.0,30.0194
231,4,9,4194304,URMA_WRITE,7,0ns,69,,0,0,3,3,0,1117.24132,0.0,0.0,30.0333
232,4,9,4194304,URMA_WRITE,7,0ns,69,,1,1,4,4,0,1119.70456,0.0,0.0,29.9672
233,4,9,4194304,URMA_WRITE,7,0ns,69,,2,2,5,5,0,1119.84712,0.0,0.0,29.9634
234,4,9,4194304,URMA_WRITE,7,0ns,69,,3,3,6,6,0,1119.66668,0.0,0.0,29.9682
235,4,14,4194304,URMA_WRITE,7,0ns,70,,0,0,3,3,0,1119.6,0.0,0.0,29.9700
236,4,14,4194304,URMA_WRITE,7,0ns,70,,1,1,4,4,0,1119.42996,0.0,0.0,29.9746
237,4,14,4194304,URMA_WRITE,7,0ns,70,,2,2,5,5,0,1119.14252,0.0,0.0,29.9823
238,4,14,4194304,URMA_WRITE,7,0ns,70,,3,3,6,6,0,1117.28388,0.0,0.0,30.0321
239,4,10,4194304,URMA_WRITE,7,0ns,71,,0,0,3,3,0,1117.09764,0.0,0.0,30.0372
240,4,10,4194304,URMA_WRITE,7,0ns,71,,1,1,4,4,0,1119.78108,0.0,0.0,29.9652
241,4,10,4194304,URMA_WRITE,7,0ns,71,,2,2,5,5,0,1118.76864,0.0,0.0,29.9923
242,4,10,4194304,URMA_WRITE,7,0ns,71,,3,3,6,6,0,1119.3712,0.0,0.0,29.9761
243,4,13,4194304,URMA_WRITE,7,0ns,72,,0,0,3,3,0,1119.35,0.0,0.0,29.9767
244,4,13,4194304,URMA_WRITE,7,0ns,72,,1,1,4,4,0,1120.104,0.0,0.0,29.9565
245,4,13,4194304,URMA_WRITE,7,0ns,72,,2,2,5,5,0,1119.42084,0.0,0.0,29.9748
246,4,13,4194304,URMA_WRITE,7,0ns,72,,3,3,6,6,0,1118.10212,0.0,0.0,30.0102
247,4,11,4194304,URMA_WRITE,7,0ns,73,,0,0,3,3,0,1118.40132,0.0,0.0,30.0021
248,4,11,4194304,URMA_WRITE,7,0ns,73,,1,1,4,4,0,1119.83108,0.0,0.0,29.9638
249,4,11,4194304,URMA_WRITE,7,0ns,73,,2,2,5,5,0,1119.34884,0.0,0.0,29.9767
250,4,11,4194304,URMA_WRITE,7,0ns,73,,3,3,6,6,0,1118.41268,0.0,0.0,30.0018
251,4,12,4194304,URMA_WRITE,7,0ns,74,,0,0,3,3,0,1117.5174,0.0,0.0,30.0259
252,4,12,4194304,URMA_WRITE,7,0ns,74,,1,1,4,4,0,1119.84108,0.0,0.0,29.9636
253,4,12,4194304,URMA_WRITE,7,0ns,74,,2,2,5,5,0,1119.43868,0.0,0.0,29.9743
254,4,12,4194304,URMA_WRITE,7,0ns,74,,3,3,6,6,0,1118.43268,0.0,0.0,30.0013
255,5,4,16777216,URMA_WRITE,7,0ns,75,,0,0,0,0,0,367.25124,0.0,0.0,365.4657
256,5,6,16777216,URMA_WRITE,7,0ns,76,,0,0,1,1,0,367.25124,0.0,0.0,365.4657
257,5,3,4194304,URMA_WRITE,7,0ns,77,,0,0,3,3,0,1119.21048,0.0,0.0,29.9804
258,5,3,4194304,URMA_WRITE,7,0ns,77,,1,1,4,4,0,1121.31544,0.0,0.0,29.9242
259,5,3,4194304,URMA_WRITE,7,0ns,77,,2,2,5,5,0,1118.72588,0.0,0.0,29.9934
260,5,3,4194304,URMA_WRITE,7,0ns,77,,3,3,6,6,0,1117.57748,0.0,0.0,30.0243
261,5,7,16777216,URMA_WRITE,7,0ns,78,,0,0,2,1,0,367.25124,0.0,0.0,365.4657
262,5,2,4194304,URMA_WRITE,7,0ns,79,,0,0,3,3,0,1118.60416,0.0,0.0,29.9967
263,5,2,4194304,URMA_WRITE,7,0ns,79,,1,1,4,4,0,1119.25156,0.0,0.0,29.9793
264,5,2,4194304,URMA_WRITE,7,0ns,79,,2,2,5,5,0,1120.64056,0.0,0.0,29.9422
265,5,2,4194304,URMA_WRITE,7,0ns,79,,3,3,6,6,0,1118.80536,0.0,0.0,29.9913
266,5,8,4194304,URMA_WRITE,7,0ns,80,,0,0,3,3,0,1119.30196,0.0,0.0,29.9780
267,5,8,4194304,URMA_WRITE,7,0ns,80,,1,1,4,4,0,1118.94712,0.0,0.0,29.9875
268,5,8,4194304,URMA_WRITE,7,0ns,80,,2,2,5,5,0,1117.97864,0.0,0.0,30.0135
269,5,8,4194304,URMA_WRITE,7,0ns,80,,3,3,6,6,0,1116.93572,0.0,0.0,30.0415
270,5,1,4194304,URMA_WRITE,7,0ns,81,,0,0,3,3,0,1118.69728,0.0,0.0,29.9942
271,5,1,4194304,URMA_WRITE,7,0ns,81,,1,1,4,4,0,1118.35732,0.0,0.0,30.0033
272,5,1,4194304,URMA_WRITE,7,0ns,81,,2,2,5,5,0,1118.50932,0.0,0.0,29.9992
273,5,1,4194304,URMA_WRITE,7,0ns,81,,3,3,6,6,0,1120.74048,0.0,0.0,29.9395
274,5,9,4194304,URMA_WRITE,7,0ns,82,,0,0,3,3,0,1119.28196,0.0,0.0,29.9785
275,5,9,4194304,URMA_WRITE,7,0ns,82,,1,1,4,4,0,1119.02976,0.0,0.0,29.9853
276,5,9,4194304,URMA_WRITE,7,0ns,82,,2,2,5,5,0,1119.85712,0.0,0.0,29.9631
277,5,9,4194304,URMA_WRITE,7,0ns,82,,3,3,6,6,0,1119.67668,0.0,0.0,29.9680
278,5,0,4194304,URMA_WRITE,7,0ns,83,,0,0,3,3,0,1118.78992,0.0,0.0,29.9917
279,5,0,4194304,URMA_WRITE,7,0ns,83,,1,1,4,4,0,1118.3808,0.0,0.0,30.0027
280,5,0,4194304,URMA_WRITE,7,0ns,83,,2,2,5,5,0,1117.41548,0.0,0.0,30.0286
281,5,0,4194304,URMA_WRITE,7,0ns,83,,3,3,6,6,0,1117.62616,0.0,0.0,30.0229
282,5,10,4194304,URMA_WRITE,7,0ns,84,,0,0,3,3,0,1119.30196,0.0,0.0,29.9780
283,5,10,4194304,URMA_WRITE,7,0ns,84,,1,1,4,4,0,1119.1124,0.0,0.0,29.9831
284,5,10,4194304,URMA_WRITE,7,0ns,84,,2,2,5,5,0,1118.01852,0.0,0.0,30.0124
285,5,10,4194304,URMA_WRITE,7,0ns,84,,3,3,6,6,0,1119.45384,0.0,0.0,29.9739
286,5,15,4194304,URMA_WRITE,7,0ns,85,,0,0,3,3,0,1119.26196,0.0,0.0,29.9791
287,5,15,4194304,URMA_WRITE,7,0ns,85,,1,1,4,4,0,1118.82052,0.0,0.0,29.9909
288,5,15,4194304,URMA_WRITE,7,0ns,85,,2,2,5,5,0,1117.45548,0.0,0.0,30.0275
289,5,15,4194304,URMA_WRITE,7,0ns,85,,3,3,6,6,0,1117.57644,0.0,0.0,30.0243
290,5,11,4194304,URMA_WRITE,7,0ns,86,,0,0,3,3,0,1118.8768,0.0,0.0,29.9894
291,5,11,4194304,URMA_WRITE,7,0ns,86,,1,1,4,4,0,1119.19504,0.0,0.0,29.9809
292,5,11,4194304,URMA_WRITE,7,0ns,86,,2,2,5,5,0,1117.9218,0.0,0.0,30.0150
293,5,11,4194304,URMA_WRITE,7,0ns,86,,3,3,6,6,0,1117.18844,0.0,0.0,30.0347
294,5,14,4194304,URMA_WRITE,7,0ns,87,,0,0,3,3,0,1119.71612,0.0,0.0,29.9669
295,5,14,4194304,URMA_WRITE,7,0ns,87,,1,1,4,4,0,1118.83676,0.0,0.0,29.9905
296,5,14,4194304,URMA_WRITE,7,0ns,87,,2,2,5,5,0,1119.0294,0.0,0.0,29.9853
297,5,14,4194304,URMA_WRITE,7,0ns,87,,3,3,6,6,0,1117.16124,0.0,0.0,30.0354
298,5,12,4194304,URMA_WRITE,7,0ns,88,,0,0,3,3,0,1119.05232,0.0,0.0,29.9847
299,5,12,4194304,URMA_WRITE,7,0ns,88,,1,1,4,4,0,1119.28156,0.0,0.0,29.9785
300,5,12,4194304,URMA_WRITE,7,0ns,88,,2,2,5,5,0,1119.52132,0.0,0.0,29.9721
301,5,12,4194304,URMA_WRITE,7,0ns,88,,3,3,6,6,0,1116.7622,0.0,0.0,30.0462
302,5,13,4194304,URMA_WRITE,7,0ns,89,,0,0,3,3,0,1119.8232,0.0,0.0,29.9640
303,5,13,4194304,URMA_WRITE,7,0ns,89,,1,1,4,4,0,1120.5672,0.0,0.0,29.9441
304,5,13,4194304,URMA_WRITE,7,0ns,89,,2,2,5,5,0,1119.05328,0.0,0.0,29.9847
305,5,13,4194304,URMA_WRITE,7,0ns,89,,3,3,6,6,0,1116.29796,0.0,0.0,30.0587
306,6,5,16777216,URMA_WRITE,7,0ns,90,,0,0,1,1,0,367.25124,0.0,0.0,365.4657
307,6,7,16777216,URMA_WRITE,7,0ns,91,,0,0,2,2,0,367.25124,0.0,0.0,365.4657
308,6,4,16777216,URMA_WRITE,7,0ns,92,,0,0,0,1,0,367.25124,0.0,0.0,365.4657
309,6,8,4194304,URMA_WRITE,7,0ns,93,,0,0,3,3,0,1118.45772,0.0,0.0,30.0006
310,6,8,4194304,URMA_WRITE,7,0ns,93,,1,1,4,4,0,1117.64696,0.0,0.0,30.0224
311,6,8,4194304,URMA_WRITE,7,0ns,93,,2,2,5,5,0,1118.00156,0.0,0.0,30.0129
312,6,8,4194304,URMA_WRITE,7,0ns,93,,3,3,6,6,0,1117.43016,0.0,0.0,30.0282
313,6,3,4194304,URMA_WRITE,7,0ns,94,,0,0,3,3,0,1118.88872,0.0,0.0,29.9891
314,6,3,4194304,URMA_WRITE,7,0ns,94,,1,1,4,4,0,1121.39808,0.0,0.0,29.9220
315,6,3,4194304,URMA_WRITE,7,0ns,94,,2,2,5,5,0,1118.80852,0.0,0.0,29.9912
316,6,3,4194304,URMA_WRITE,7,0ns,94,,3,3,6,6,0,1117.48204,0.0,0.0,30.0268
317,6,9,4194304,URMA_WRITE,7,0ns,95,,0,0,3,3,0,1118.18328,0.0,0.0,30.0080
318,6,9,4194304,URMA_WRITE,7,0ns,95,,1,1,4,4,0,1117.77316,0.0,0.0,30.0190
319,6,9,4194304,URMA_WRITE,7,0ns,95,,2,2,5,5,0,1119.65796,0.0,0.0,29.9685
320,6,9,4194304,URMA_WRITE,7,0ns,95,,3,3,6,6,0,1119.4944,0.0,0.0,29.9728
321,6,2,4194304,URMA_WRITE,7,0ns,96,,0,0,3,3,0,1118.43772,0.0,0.0,30.0012
322,6,2,4194304,URMA_WRITE,7,0ns,96,,1,1,4,4,0,1118.05084,0.0,0.0,30.0115
323,6,2,4194304,URMA_WRITE,7,0ns,96,,2,2,5,5,0,1120.7232,0.0,0.0,29.9400
324,6,2,4194304,URMA_WRITE,7,0ns,96,,3,3,6,6,0,1118.888,0.0,0.0,29.9891
325,6,10,4194304,URMA_WRITE,7,0ns,97,,0,0,3,3,0,1118.26592,0.0,0.0,30.0058
326,6,10,4194304,URMA_WRITE,7,0ns,97,,1,1,4,4,0,1118.86276,0.0,0.0,29.9898
327,6,10,4194304,URMA_WRITE,7,0ns,97,,2,2,5,5,0,1118.02852,0.0,0.0,30.0121
328,6,10,4194304,URMA_WRITE,7,0ns,97,,3,3,6,6,0,1119.8244,0.0,0.0,29.9640
329,6,1,4194304,URMA_WRITE,7,0ns,98,,0,0,3,3,0,1118.06884,0.0,0.0,30.0111
330,6,1,4194304,URMA_WRITE,7,0ns,98,,1,1,4,4,0,1116.47264,0.0,0.0,30.0540
331,6,1,4194304,URMA_WRITE,7,0ns,98,,2,2,5,5,0,1118.51932,0.0,0.0,29.9990
332,6,1,4194304,URMA_WRITE,7,0ns,98,,3,3,6,6,0,1120.717,0.0,0.0,29.9401
333,6,11,4194304,URMA_WRITE,7,0ns,99,,0,0,3,3,0,1118.86176,0.0,0.0,29.9898
334,6,11,4194304,URMA_WRITE,7,0ns,99,,1,1,4,4,0,1118.68528,0.0,0.0,29.9945
335,6,11,4194304,URMA_WRITE,7,0ns,99,,2,2,5,5,0,1117.89176,0.0,0.0,30.0158
336,6,11,4194304,URMA_WRITE,7,0ns,99,,3,3,6,6,0,1117.65412,0.0,0.0,30.0222
337,6,0,4194304,URMA_WRITE,7,0ns,100,,0,0,3,3,0,1118.1706,0.0,0.0,30.0083
338,6,0,4194304,URMA_WRITE,7,0ns,100,,1,1,4,4,0,1116.04172,0.0,0.0,30.0656
339,6,0,4194304,URMA_WRITE,7,0ns,100,,2,2,5,5,0,1117.47228,0.0,0.0,30.0271
340,6,0,4194304,URMA_WRITE,7,0ns,100,,3,3,6,6,0,1117.80976,0.0,0.0,30.0180
341,6,12,4194304,URMA_WRITE,7,0ns,101,,0,0,3,3,0,1118.65648,0.0,0.0,29.9953
342,6,12,4194304,URMA_WRITE,7,0ns,101,,1,1,4,4,0,1117.89372,0.0,0.0,30.0158
343,6,12,4194304,URMA_WRITE,7,0ns,101,,2,2,5,5,0,1118.86936,0.0,0.0,29.9896
344,6,12,4194304,URMA_WRITE,7,0ns,101,,3,3,6,6,0,1117.20264,0.0,0.0,30.0343
345,6,15,4194304,URMA_WRITE,7,0ns,102,,0,0,3,3,0,1118.84612,0.0,0.0,29.9902
346,6,15,4194304,URMA_WRITE,7,0ns,102,,1,1,4,4,0,1115.7802,0.0,0.0,30.0726
347,6,15,4194304,URMA_WRITE,7,0ns,102,,2,2,5,5,0,1117.44868,0.0,0.0,30.0277
348,6,15,4194304,URMA_WRITE,7,0ns,102,,3,3,6,6,0,1117.76732,0.0,0.0,30.0192
349,6,13,4194304,URMA_WRITE,7,0ns,103,,0,0,3,3,0,1119.90584,0.0,0.0,29.9618
350,6,13,4194304,URMA_WRITE,7,0ns,103,,1,1,4,4,0,1120.26928,0.0,0.0,29.9521
351,6,13,4194304,URMA_WRITE,7,0ns,103,,2,2,5,5,0,1119.13592,0.0,0.0,29.9824
352,6,13,4194304,URMA_WRITE,7,0ns,103,,3,3,6,6,0,1117.76756,0.0,0.0,30.0191
353,6,14,4194304,URMA_WRITE,7,0ns,104,,0,0,3,3,0,1119.04764,0.0,0.0,29.9848
354,6,14,4194304,URMA_WRITE,7,0ns,104,,1,1,4,4,0,1117.47168,0.0,0.0,30.0271
355,6,14,4194304,URMA_WRITE,7,0ns,104,,2,2,5,5,0,1118.49656,0.0,0.0,29.9996
356,6,14,4194304,URMA_WRITE,7,0ns,104,,3,3,6,6,0,1117.75732,0.0,0.0,30.0194
357,7,6,16777216,URMA_WRITE,7,0ns,105,,0,0,2,2,0,367.25124,0.0,0.0,365.4657
358,7,8,4194304,URMA_WRITE,7,0ns,106,,0,0,3,3,0,1117.75412,0.0,0.0,30.0195
359,7,8,4194304,URMA_WRITE,7,0ns,106,,1,1,4,4,0,1118.04116,0.0,0.0,30.0118
360,7,8,4194304,URMA_WRITE,7,0ns,106,,2,2,5,5,0,1118.50096,0.0,0.0,29.9995
361,7,8,4194304,URMA_WRITE,7,0ns,106,,3,3,6,6,0,1119.19944,0.0,0.0,29.9807
362,7,5,16777216,URMA_WRITE,7,0ns,107,,0,0,1,2,0,367.25124,0.0,0.0,365.4657
363,7,9,4194304,URMA_WRITE,7,0ns,108,,0,0,3,3,0,1117.81412,0.0,0.0,30.0179
364,7,9,4194304,URMA_WRITE,7,0ns,108,,1,1,4,4,0,1117.86856,0.0,0.0,30.0164
365,7,9,4194304,URMA_WRITE,7,0ns,108,,2,2,5,5,0,1119.7406,0.0,0.0,29.9663
366,7,9,4194304,URMA_WRITE,7,0ns,108,,3,3,6,6,0,1119.57,0.0,0.0,29.9708
367,7,4,16777216,URMA_WRITE,7,0ns,109,,0,0,0,2,0,367.25124,0.0,0.0,365.4657
368,7,10,4194304,URMA_WRITE,7,0ns,110,,0,0,3,3,0,1117.77412,0.0,0.0,30.0190
369,7,10,4194304,URMA_WRITE,7,0ns,110,,1,1,4,4,0,1118.81576,0.0,0.0,29.9910
370,7,10,4194304,URMA_WRITE,7,0ns,110,,2,2,5,5,0,1118.67072,0.0,0.0,29.9949
371,7,10,4194304,URMA_WRITE,7,0ns,110,,3,3,6,6,0,1119.61,0.0,0.0,29.9698
372,7,3,4194304,URMA_WRITE,7,0ns,111,,0,0,3,3,0,1118.49372,0.0,0.0,29.9997
373,7,3,4194304,URMA_WRITE,7,0ns,111,,1,1,4,4,0,1121.61336,0.0,0.0,29.9162
374,7,3,4194304,URMA_WRITE,7,0ns,111,,2,2,5,5,0,1119.11644,0.0,0.0,29.9830
375,7,3,4194304,URMA_WRITE,7,0ns,111,,3,3,6,6,0,1119.45184,0.0,0.0,29.9740
376,7,11,4194304,URMA_WRITE,7,0ns,112,,0,0,3,3,0,1117.97904,0.0,0.0,30.0135
377,7,11,4194304,URMA_WRITE,7,0ns,112,,1,1,4,4,0,1118.601,0.0,0.0,29.9968
378,7,11,4194304,URMA_WRITE,7,0ns,112,,2,2,5,5,0,1118.82888,0.0,0.0,29.9907
379,7,11,4194304,URMA_WRITE,7,0ns,112,,3,3,6,6,0,1119.53,0.0,0.0,29.9719
380,7,2,4194304,URMA_WRITE,7,0ns,113,,0,0,3,3,0,1117.07244,0.0,0.0,30.0378
381,7,2,4194304,URMA_WRITE,7,0ns,113,,1,1,4,4,0,1117.75592,0.0,0.0,30.0195
382,7,2,4194304,URMA_WRITE,7,0ns,113,,2,2,5,5,0,1120.69972,0.0,0.0,29.9406
383,7,2,4194304,URMA_WRITE,7,0ns,113,,3,3,6,6,0,1119.62,0.0,0.0,29.9695
384,7,12,4194304,URMA_WRITE,7,0ns,114,,0,0,3,3,0,1117.71812,0.0,0.0,30.0205
385,7,12,4194304,URMA_WRITE,7,0ns,114,,1,1,4,4,0,1118.19212,0.0,0.0,30.0078
386,7,12,4194304,URMA_WRITE,7,0ns,114,,2,2,5,5,0,1119.72312,0.0,0.0,29.9667
387,7,12,4194304,URMA_WRITE,7,0ns,114,,3,3,6,6,0,1119.61148,0.0,0.0,29.9697
388,7,1,4194304,URMA_WRITE,7,0ns,115,,0,0,3,3,0,1116.99864,0.0,0.0,30.0398
389,7,1,4194304,URMA_WRITE,7,0ns,115,,1,1,4,4,0,1116.9514,0.0,0.0,30.0411
390,7,1,4194304,URMA_WRITE,7,0ns,115,,2,2,5,5,0,1118.8546,0.0,0.0,29.9900
391,7,1,4194304,URMA_WRITE,7,0ns,115,,3,3,6,6,0,1120.75748,0.0,0.0,29.9391
392,7,13,4194304,URMA_WRITE,7,0ns,116,,0,0,3,3,0,1119.4918,0.0,0.0,29.9729
393,7,13,4194304,URMA_WRITE,7,0ns,116,,1,1,4,4,0,1120.2458,0.0,0.0,29.9527
394,7,13,4194304,URMA_WRITE,7,0ns,116,,2,2,5,5,0,1119.21856,0.0,0.0,29.9802
395,7,13,4194304,URMA_WRITE,7,0ns,116,,3,3,6,6,0,1119.63148,0.0,0.0,29.9692
396,7,0,4194304,URMA_WRITE,7,0ns,117,,0,0,3,3,0,1118.36588,0.0,0.0,30.0031
397,7,0,4194304,URMA_WRITE,7,0ns,117,,1,1,4,4,0,1117.10948,0.0,0.0,30.0368
398,7,0,4194304,URMA_WRITE,7,0ns,117,,2,2,5,5,0,1118.90036,0.0,0.0,29.9888
399,7,0,4194304,URMA_WRITE,7,0ns,117,,3,3,6,6,0,1119.67148,0.0,0.0,29.9681
400,7,14,4194304,URMA_WRITE,7,0ns,118,,0,0,3,3,0,1118.57444,0.0,0.0,29.9975
401,7,14,4194304,URMA_WRITE,7,0ns,118,,1,1,4,4,0,1117.55432,0.0,0.0,30.0249
402,7,14,4194304,URMA_WRITE,7,0ns,118,,2,2,5,5,0,1118.94024,0.0,0.0,29.9877
403,7,14,4194304,URMA_WRITE,7,0ns,118,,3,3,6,6,0,1119.1208,0.0,0.0,29.9829
404,7,15,4194304,URMA_WRITE,7,0ns,119,,0,0,3,3,0,1117.78412,0.0,0.0,30.0187
405,7,15,4194304,URMA_WRITE,7,0ns,119,,1,1,4,4,0,1116.70484,0.0,0.0,30.0477
406,7,15,4194304,URMA_WRITE,7,0ns,119,,2,2,5,5,0,1118.91036,0.0,0.0,29.9885
407,7,15,4194304,URMA_WRITE,7,0ns,119,,3,3,6,6,0,1119.68148,0.0,0.0,29.9678
408,8,7,4194304,URMA_WRITE,7,0ns,120,,0,0,3,3,0,1117.75412,0.0,0.0,30.0195
409,8,7,4194304,URMA_WRITE,7,0ns,120,,1,1,4,4,0,1118.04116,0.0,0.0,30.0118
410,8,7,4194304,URMA_WRITE,7,0ns,120,,2,2,5,5,0,1118.50096,0.0,0.0,29.9995
411,8,7,4194304,URMA_WRITE,7,0ns,120,,3,3,6,6,0,1119.19944,0.0,0.0,29.9807
412,8,9,16777216,URMA_WRITE,7,0ns,121,,0,0,0,0,0,367.25124,0.0,0.0,365.4657
413,8,6,4194304,URMA_WRITE,7,0ns,122,,0,0,3,3,0,1118.45772,0.0,0.0,30.0006
414,8,6,4194304,URMA_WRITE,7,0ns,122,,1,1,4,4,0,1117.64696,0.0,0.0,30.0224
415,8,6,4194304,URMA_WRITE,7,0ns,122,,2,2,5,5,0,1118.00156,0.0,0.0,30.0129
416,8,6,4194304,URMA_WRITE,7,0ns,122,,3,3,6,6,0,1117.43016,0.0,0.0,30.0282
417,8,10,16777216,URMA_WRITE,7,0ns,123,,0,0,1,0,0,367.25124,0.0,0.0,365.4657
418,8,5,4194304,URMA_WRITE,7,0ns,124,,0,0,3,3,0,1119.30196,0.0,0.0,29.9780
419,8,5,4194304,URMA_WRITE,7,0ns,124,,1,1,4,4,0,1118.94712,0.0,0.0,29.9875
420,8,5,4194304,URMA_WRITE,7,0ns,124,,2,2,5,5,0,1117.97864,0.0,0.0,30.0135
421,8,5,4194304,URMA_WRITE,7,0ns,124,,3,3,6,6,0,1116.93572,0.0,0.0,30.0415
422,8,11,16777216,URMA_WRITE,7,0ns,125,,0,0,2,0,0,367.25124,0.0,0.0,365.4657
423,8,4,4194304,URMA_WRITE,7,0ns,126,,0,0,3,3,0,1117.47,0.0,0.0,30.0271
424,8,4,4194304,URMA_WRITE,7,0ns,126,,1,1,4,4,0,1119.62192,0.0,0.0,29.9694
425,8,4,4194304,URMA_WRITE,7,0ns,126,,2,2,5,5,0,1119.06656,0.0,0.0,29.9843
426,8,4,4194304,URMA_WRITE,7,0ns,126,,3,3,6,6,0,1118.24352,0.0,0.0,30.0064
427,8,12,4194304,URMA_WRITE,7,0ns,127,,0,0,3,3,0,1117.29656,0.0,0.0,30.0318
428,8,12,4194304,URMA_WRITE,7,0ns,127,,1,1,4,4,0,1118.01968,0.0,0.0,30.0124
429,8,12,4194304,URMA_WRITE,7,0ns,127,,2,2,5,5,0,1119.61396,0.0,0.0,29.9696
430,8,12,4194304,URMA_WRITE,7,0ns,127,,3,3,6,6,0,1116.91184,0.0,0.0,30.0421
431,8,3,4194304,URMA_WRITE,7,0ns,128,,0,0,3,3,0,1118.97136,0.0,0.0,29.9869
432,8,3,4194304,URMA_WRITE,7,0ns,128,,1,1,4,4,0,1121.45724,0.0,0.0,29.9204
433,8,3,4194304,URMA_WRITE,7,0ns,128,,2,2,5,5,0,1118.9738,0.0,0.0,29.9868
434,8,3,4194304,URMA_WRITE,7,0ns,128,,3,3,6,6,0,1117.56504,0.0,0.0,30.0246
435,8,13,4194304,URMA_WRITE,7,0ns,129,,0,0,3,3,0,1119.88236,0.0,0.0,29.9625
436,8,13,4194304,URMA_WRITE,7,0ns,129,,1,1,4,4,0,1120.2558,0.0,0.0,29.9525
437,8,13,4194304,URMA_WRITE,7,0ns,129,,2,2,5,5,0,1118.69224,0.0,0.0,29.9943
438,8,13,4194304,URMA_WRITE,7,0ns,129,,3,3,6,6,0,1117.84804,0.0,0.0,30.0170
439,8,2,4194304,URMA_WRITE,7,0ns,130,,0,0,3,3,0,1117.01244,0.0,0.0,30.0394
440,8,2,4194304,URMA_WRITE,7,0ns,130,,1,1,4,4,0,1118.15084,0.0,0.0,30.0089
441,8,2,4194304,URMA_WRITE,7,0ns,130,,2,2,5,5,0,1120.70972,0.0,0.0,29.9403
442,8,2,4194304,URMA_WRITE,7,0ns,130,,3,3,6,6,0,1119.00716,0.0,0.0,29.9859
443,8,14,4194304,URMA_WRITE,7,0ns,131,,0,0,3,3,0,1119.12196,0.0,0.0,29.9828
444,8,14,4194304,URMA_WRITE,7,0ns,131,,1,1,4,4,0,1118.08064,0.0,0.0,30.0107
445,8,14,4194304,URMA_WRITE,7,0ns,131,,2,2,5,5,0,1118.05288,0.0,0.0,30.0115
446,8,14,4194304,URMA_WRITE,7,0ns,131,,3,3,6,6,0,1116.97548,0.0,0.0,30.0404
447,8,1,4194304,URMA_WRITE,7,0ns,132,,0,0,3,3,0,1116.9298,0.0,0.0,30.0417
448,8,1,4194304,URMA_WRITE,7,0ns,132,,1,1,4,4,0,1118.01116,0.0,0.0,30.0126
449,8,1,4194304,URMA_WRITE,7,0ns,132,,2,2,5,5,0,1118.7746,0.0,0.0,29.9921
450,8,1,4194304,URMA_WRITE,7,0ns,132,,3,3,6,6,0,1120.76748,0.0,0.0,29.9388
451,8,15,4194304,URMA_WRITE,7,0ns,133,,0,0,3,3,0,1117.45,0.0,0.0,30.0277
452,8,15,4194304,URMA_WRITE,7,0ns,133,,1,1,4,4,0,1117.46912,0.0,0.0,30.0272
453,8,15,4194304,URMA_WRITE,7,0ns,133,,2,2,5,5,0,1117.10088,0.0,0.0,30.0371
454,8,15,4194304,URMA_WRITE,7,0ns,133,,3,3,6,6,0,1117.96068,0.0,0.0,30.0140
455,8,0,4194304,URMA_WRITE,7,0ns,134,,0,0,3,3,0,1118.29672,0.0,0.0,30.0049
456,8,0,4194304,URMA_WRITE,7,0ns,134,,1,1,4,4,0,1117.5936,0.0,0.0,30.0238
457,8,0,4194304,URMA_WRITE,7,0ns,134,,2,2,5,5,0,1117.34508,0.0,0.0,30.0305
458,8,0,4194304,URMA_WRITE,7,0ns,134,,3,3,6,6,0,1117.79976,0.0,0.0,30.0183
459,9,8,16777216,URMA_WRITE,7,0ns,135,,0,0,0,0,0,367.25124,0.0,0.0,365.4657
460,9,10,16777216,URMA_WRITE,7,0ns,136,,0,0,1,1,0,367.25124,0.0,0.0,365.4657
461,9,7,4194304,URMA_WRITE,7,0ns,137,,0,0,3,3,0,1117.81412,0.0,0.0,30.0179
462,9,7,4194304,URMA_WRITE,7,0ns,137,,1,1,4,4,0,1117.86856,0.0,0.0,30.0164
463,9,7,4194304,URMA_WRITE,7,0ns,137,,2,2,5,5,0,1119.7406,0.0,0.0,29.9663
464,9,7,4194304,URMA_WRITE,7,0ns,137,,3,3,6,6,0,1119.57,0.0,0.0,29.9708
465,9,11,16777216,URMA_WRITE,7,0ns,138,,0,0,2,1,0,367.25124,0.0,0.0,365.4657
466,9,6,4194304,URMA_WRITE,7,0ns,139,,0,0,3,3,0,1118.18328,0.0,0.0,30.0080
467,9,6,4194304,URMA_WRITE,7,0ns,139,,1,1,4,4,0,1117.77316,0.0,0.0,30.0190
468,9,6,4194304,URMA_WRITE,7,0ns,139,,2,2,5,5,0,1119.65796,0.0,0.0,29.9685
469,9,6,4194304,URMA_WRITE,7,0ns,139,,3,3,6,6,0,1119.4944,0.0,0.0,29.9728
470,9,12,4194304,URMA_WRITE,7,0ns,140,,0,0,3,3,0,1117.5374,0.0,0.0,30.0253
471,9,12,4194304,URMA_WRITE,7,0ns,140,,1,1,4,4,0,1118.09732,0.0,0.0,30.0103
472,9,12,4194304,URMA_WRITE,7,0ns,140,,2,2,5,5,0,1119.88712,0.0,0.0,29.9623
473,9,12,4194304,URMA_WRITE,7,0ns,140,,3,3,6,6,0,1119.75668,0.0,0.0,29.9658
474,9,5,4194304,URMA_WRITE,7,0ns,141,,0,0,3,3,0,1119.28196,0.0,0.0,29.9785
475,9,5,4194304,URMA_WRITE,7,0ns,141,,1,1,4,4,0,1119.02976,0.0,0.0,29.9853
476,9,5,4194304,URMA_WRITE,7,0ns,141,,2,2,5,5,0,1119.85712,0.0,0.0,29.9631
477,9,5,4194304,URMA_WRITE,7,0ns,141,,3,3,6,6,0,1119.67668,0.0,0.0,29.9680
478,9,13,4194304,URMA_WRITE,7,0ns,142,,0,0,3,3,0,1119.99848,0.0,0.0,29.9594
479,9,13,4194304,URMA_WRITE,7,0ns,142,,1,1,4,4,0,1120.64984,0.0,0.0,29.9419
480,9,13,4194304,URMA_WRITE,7,0ns,142,,2,2,5,5,0,1119.82712,0.0,0.0,29.9639
481,9,13,4194304,URMA_WRITE,7,0ns,142,,3,3,6,6,0,1119.73668,0.0,0.0,29.9664
482,9,4,4194304,URMA_WRITE,7,0ns,143,,0,0,3,3,0,1117.24132,0.0,0.0,30.0333
483,9,4,4194304,URMA_WRITE,7,0ns,143,,1,1,4,4,0,1119.70456,0.0,0.0,29.9672
484,9,4,4194304,URMA_WRITE,7,0ns,143,,2,2,5,5,0,1119.84712,0.0,0.0,29.9634
485,9,4,4194304,URMA_WRITE,7,0ns,143,,3,3,6,6,0,1119.66668,0.0,0.0,29.9682
486,9,14,4194304,URMA_WRITE,7,0ns,144,,0,0,3,3,0,1119.21196,0.0,0.0,29.9804
487,9,14,4194304,URMA_WRITE,7,0ns,144,,1,1,4,4,0,1118.16328,0.0,0.0,30.0085
488,9,14,4194304,URMA_WRITE,7,0ns,144,,2,2,5,5,0,1119.87712,0.0,0.0,29.9626
489,9,14,4194304,URMA_WRITE,7,0ns,144,,3,3,6,6,0,1119.70668,0.0,0.0,29.9672
490,9,3,4194304,URMA_WRITE,7,0ns,145,,0,0,3,3,0,1118.99788,0.0,0.0,29.9861
491,9,3,4194304,URMA_WRITE,7,0ns,145,,1,1,4,4,0,1121.58988,0.0,0.0,29.9168
492,9,3,4194304,URMA_WRITE,7,0ns,145,,2,2,5,5,0,1119.34004,0.0,0.0,29.9770
493,9,3,4194304,URMA_WRITE,7,0ns,145,,3,3,6,6,0,1119.71668,0.0,0.0,29.9669
494,9,15,4194304,URMA_WRITE,7,0ns,146,,0,0,3,3,0,1116.81824,0.0,0.0,30.0447
495,9,15,4194304,URMA_WRITE,7,0ns,146,,1,1,4,4,0,1117.56268,0.0,0.0,30.0247
496,9,15,4194304,URMA_WRITE,7,0ns,146,,2,2,5,5,0,1118.976,0.0,0.0,29.9867
497,9,15,4194304,URMA_WRITE,7,0ns,146,,3,3,6,6,0,1118.74812,0.0,0.0,29.9928
498,9,2,4194304,URMA_WRITE,7,0ns,147,,0,0,3,3,0,1117.22132,0.0,0.0,30.0338
499,9,2,4194304,URMA_WRITE,7,0ns,147,,1,1,4,4,0,1118.13084,0.0,0.0,30.0094
500,9,2,4194304,URMA_WRITE,7,0ns,147,,2,2,5,5,0,1120.74972,0.0,0.0,29.9393
501,9,2,4194304,URMA_WRITE,7,0ns,147,,3,3,6,6,0,1119.68968,0.0,0.0,29.9676
502,9,0,4194304,URMA_WRITE,7,0ns,148,,0,0,3,3,0,1117.9904,0.0,0.0,30.0132
503,9,0,4194304,URMA_WRITE,7,0ns,148,,1,1,4,4,0,1117.86108,0.0,0.0,30.0166
504,9,0,4194304,URMA_WRITE,7,0ns,148,,2,2,5,5,0,1119.09212,0.0,0.0,29.9836
505,9,0,4194304,URMA_WRITE,7,0ns,148,,3,3,6,6,0,1118.82812,0.0,0.0,29.9907
506,9,1,4194304,URMA_WRITE,7,0ns,149,,0,0,3,3,0,1116.82824,0.0,0.0,30.0444
507,9,1,4194304,URMA_WRITE,7,0ns,149,,1,1,4,4,0,1117.79316,0.0,0.0,30.0185
508,9,1,4194304,URMA_WRITE,7,0ns,149,,2,2,5,5,0,1119.17476,0.0,0.0,29.9814
509,9,1,4194304,URMA_WRITE,7,0ns,149,,3,3,6,6,0,1120.77748,0.0,0.0,29.9385
510,10,9,16777216,URMA_WRITE,7,0ns,150,,0,0,1,1,0,367.25124,0.0,0.0,365.4657
511,10,11,16777216,URMA_WRITE,7,0ns,151,,0,0,2,2,0,367.25124,0.0,0.0,365.4657
512,10,8,16777216,URMA_WRITE,7,0ns,152,,0,0,0,1,0,367.25124,0.0,0.0,365.4657
513,10,12,4194304,URMA_WRITE,7,0ns,153,,0,0,3,3,0,1117.18308,0.0,0.0,30.0349
514,10,12,4194304,URMA_WRITE,7,0ns,153,,1,1,4,4,0,1117.95756,0.0,0.0,30.0140
515,10,12,4194304,URMA_WRITE,7,0ns,153,,2,2,5,5,0,1119.16076,0.0,0.0,29.9818
516,10,12,4194304,URMA_WRITE,7,0ns,153,,3,3,6,6,0,1118.34868,0.0,0.0,30.0036
517,10,7,4194304,URMA_WRITE,7,0ns,154,,0,0,3,3,0,1117.77412,0.0,0.0,30.0190
518,10,7,4194304,URMA_WRITE,7,0ns,154,,1,1,4,4,0,1118.81576,0.0,0.0,29.9910
519,10,7,4194304,URMA_WRITE,7,0ns,154,,2,2,5,5,0,1118.67072,0.0,0.0,29.9949
520,10,7,4194304,URMA_WRITE,7,0ns,154,,3,3,6,6,0,1119.61,0.0,0.0,29.9698
521,10,13,4194304,URMA_WRITE,7,0ns,155,,0,0,3,3,0,1119.70056,0.0,0.0,29.9673
522,10,13,4194304,URMA_WRITE,7,0ns,155,,1,1,4,4,0,1120.45456,0.0,0.0,29.9472
523,10,13,4194304,URMA_WRITE,7,0ns,155,,2,2,5,5,0,1118.17164,0.0,0.0,30.0083
524,10,13,4194304,URMA_WRITE,7,0ns,155,,3,3,6,6,0,1119.84092,0.0,0.0,29.9636
525,10,6,4194304,URMA_WRITE,7,0ns,156,,0,0,3,3,0,1118.26592,0.0,0.0,30.0058
526,10,6,4194304,URMA_WRITE,7,0ns,156,,1,1,4,4,0,1118.86276,0.0,0.0,29.9898
527,10,6,4194304,URMA_WRITE,7,0ns,156,,2,2,5,5,0,1118.02852,0.0,0.0,30.0121
528,10,6,4194304,URMA_WRITE,7,0ns,156,,3,3,6,6,0,1119.8244,0.0,0.0,29.9640
529,10,14,4194304,URMA_WRITE,7,0ns,157,,0,0,3,3,0,1119.29196,0.0,0.0,29.9783
530,10,14,4194304,URMA_WRITE,7,0ns,157,,1,1,4,4,0,1118.87276,0.0,0.0,29.9895
531,10,14,4194304,URMA_WRITE,7,0ns,157,,2,2,5,5,0,1118.22816,0.0,0.0,30.0068
532,10,14,4194304,URMA_WRITE,7,0ns,157,,3,3,6,6,0,1119.81092,0.0,0.0,29.9644
533,10,5,4194304,URMA_WRITE,7,0ns,158,,0,0,3,3,0,1119.30196,0.0,0.0,29.9780
534,10,5,4194304,URMA_WRITE,7,0ns,158,,1,1,4,4,0,1119.1124,0.0,0.0,29.9831
535,10,5,4194304,URMA_WRITE,7,0ns,158,,2,2,5,5,0,1118.01852,0.0,0.0,30.0124
536,10,5,4194304,URMA_WRITE,7,0ns,158,,3,3,6,6,0,1119.45384,0.0,0.0,29.9739
537,10,15,4194304,URMA_WRITE,7,0ns,159,,0,0,3,3,0,1116.79476,0.0,0.0,30.0453
538,10,15,4194304,URMA_WRITE,7,0ns,159,,1,1,4,4,0,1118.88276,0.0,0.0,29.9892
539,10,15,4194304,URMA_WRITE,7,0ns,159,,2,2,5,5,0,1118.18164,0.0,0.0,30.0080
540,10,15,4194304,URMA_WRITE,7,0ns,159,,3,3,6,6,0,1119.82092,0.0,0.0,29.9641
541,10,4,4194304,URMA_WRITE,7,0ns,160,,0,0,3,3,0,1117.09764,0.0,0.0,30.0372
542,10,4,4194304,URMA_WRITE,7,0ns,160,,1,1,4,4,0,1119.78108,0.0,0.0,29.9652
543,10,4,4194304,URMA_WRITE,7,0ns,160,,2,2,5,5,0,1118.76864,0.0,0.0,29.9923
544,10,4,4194304,URMA_WRITE,7,0ns,160,,3,3,6,6,0,1119.3712,0.0,0.0,29.9761
545,10,0,4194304,URMA_WRITE,7,0ns,161,,0,0,3,3,0,1117.97532,0.0,0.0,30.0136
546,10,0,4194304,URMA_WRITE,7,0ns,161,,1,1,4,4,0,1118.11596,0.0,0.0,30.0098
547,10,0,4194304,URMA_WRITE,7,0ns,161,,2,2,5,5,0,1117.77524,0.0,0.0,30.0189
548,10,0,4194304,URMA_WRITE,7,0ns,161,,3,3,6,6,0,1119.86092,0.0,0.0,29.9630
549,10,3,4194304,URMA_WRITE,7,0ns,162,,0,0,3,3,0,1119.00788,0.0,0.0,29.9859
550,10,3,4194304,URMA_WRITE,7,0ns,162,,1,1,4,4,0,1121.59036,0.0,0.0,29.9168
551,10,3,4194304,URMA_WRITE,7,0ns,162,,2,2,5,5,0,1119.22344,0.0,0.0,29.9801
552,10,3,4194304,URMA_WRITE,7,0ns,162,,3,3,6,6,0,1119.28856,0.0,0.0,29.9784
553,10,1,4194304,URMA_WRITE,7,0ns,163,,0,0,3,3,0,1116.88508,0.0,0.0,30.0429
554,10,1,4194304,URMA_WRITE,7,0ns,163,,1,1,4,4,0,1118.1768,0.0,0.0,30.0082
555,10,1,4194304,URMA_WRITE,7,0ns,163,,2,2,5,5,0,1118.8746,0.0,0.0,29.9894
556,10,1,4194304,URMA_WRITE,7,0ns,163,,3,3,6,6,0,1120.80748,0.0,0.0,29.9377
557,10,2,4194304,URMA_WRITE,7,0ns,164,,0,0,3,3,0,1116.49908,0.0,0.0,30.0533
558,10,2,4194304,URMA_WRITE,7,0ns,164,,1,1,4,4,0,1118.29308,0.0,0.0,30.0050
559,10,2,4194304,URMA_WRITE,7,0ns,164,,2,2,5,5,0,1120.81972,0.0,0.0,29.9374
560,10,2,4194304,URMA_WRITE,7,0ns,164,,3,3,6,6,0,1119.74176,0.0,0.0,29.9662
561,11,10,16777216,URMA_WRITE,7,0ns,165,,0,0,2,2,0,367.25124,0.0,0.0,365.4657
562,11,12,4194304,URMA_WRITE,7,0ns,166,,0,0,3,3,0,1118.17132,0.0,0.0,30.0083
563,11,12,4194304,URMA_WRITE,7,0ns,166,,1,1,4,4,0,1118.98492,0.0,0.0,29.9865
564,11,12,4194304,URMA_WRITE,7,0ns,166,,2,2,5,5,0,1119.2434,0.0,0.0,29.9796
565,11,12,4194304,URMA_WRITE,7,0ns,166,,3,3,6,6,0,1117.021,0.0,0.0,30.0392
566,11,9,16777216,URMA_WRITE,7,0ns,167,,0,0,1,2,0,367.25124,0.0,0.0,365.4657
567,11,13,4194304,URMA_WRITE,7,0ns,168,,0,0,3,3,0,1119.22736,0.0,0.0,29.9800
568,11,13,4194304,URMA_WRITE,7,0ns,168,,1,1,4,4,0,1119.51768,0.0,0.0,29.9722
569,11,13,4194304,URMA_WRITE,7,0ns,168,,2,2,5,5,0,1118.85752,0.0,0.0,29.9899
570,11,13,4194304,URMA_WRITE,7,0ns,168,,3,3,6,6,0,1117.2576,0.0,0.0,30.0329
571,11,8,16777216,URMA_WRITE,7,0ns,169,,0,0,0,2,0,367.25124,0.0,0.0,365.4657
572,11,14,4194304,URMA_WRITE,7,0ns,170,,0,0,3,3,0,1119.59348,0.0,0.0,29.9702
573,11,14,4194304,URMA_WRITE,7,0ns,170,,1,1,4,4,0,1118.43504,0.0,0.0,30.0012
574,11,14,4194304,URMA_WRITE,7,0ns,170,,2,2,5,5,0,1118.81252,0.0,0.0,29.9911
575,11,14,4194304,URMA_WRITE,7,0ns,170,,3,3,6,6,0,1117.25808,0.0,0.0,30.0328
576,11,7,4194304,URMA_WRITE,7,0ns,171,,0,0,3,3,0,1117.97904,0.0,0.0,30.0135
577,11,7,4194304,URMA_WRITE,7,0ns,171,,1,1,4,4,0,1118.601,0.0,0.0,29.9968
578,11,7,4194304,URMA_WRITE,7,0ns,171,,2,2,5,5,0,1118.82888,0.0,0.0,29.9907
579,11,7,4194304,URMA_WRITE,7,0ns,171,,3,3,6,6,0,1119.53,0.0,0.0,29.9719
580,11,15,4194304,URMA_WRITE,7,0ns,172,,0,0,3,3,0,1118.0572,0.0,0.0,30.0114
581,11,15,4194304,URMA_WRITE,7,0ns,172,,1,1,4,4,0,1118.611,0.0,0.0,29.9965
582,11,15,4194304,URMA_WRITE,7,0ns,172,,2,2,5,5,0,1117.62648,0.0,0.0,30.0229
583,11,15,4194304,URMA_WRITE,7,0ns,172,,3,3,6,6,0,1117.8426,0.0,0.0,30.0171
584,11,6,4194304,URMA_WRITE,7,0ns,173,,0,0,3,3,0,1118.86176,0.0,0.0,29.9898
585,11,6,4194304,URMA_WRITE,7,0ns,173,,1,1,4,4,0,1118.68528,0.0,0.0,29.9945
586,11,6,4194304,URMA_WRITE,7,0ns,173,,2,2,5,5,0,1117.89176,0.0,0.0,30.0158
587,11,6,4194304,URMA_WRITE,7,0ns,173,,3,3,6,6,0,1117.65412,0.0,0.0,30.0222
588,11,0,4194304,URMA_WRITE,7,0ns,174,,0,0,3,3,0,1118.37196,0.0,0.0,30.0029
589,11,0,4194304,URMA_WRITE,7,0ns,174,,1,1,4,4,0,1118.76136,0.0,0.0,29.9925
590,11,0,4194304,URMA_WRITE,7,0ns,174,,2,2,5,5,0,1117.77176,0.0,0.0,30.0190
591,11,0,4194304,URMA_WRITE,7,0ns,174,,3,3,6,6,0,1117.47336,0.0,0.0,30.0271
592,11,5,4194304,URMA_WRITE,7,0ns,175,,0,0,3,3,0,1118.8768,0.0,0.0,29.9894
593,11,5,4194304,URMA_WRITE,7,0ns,175,,1,1,4,4,0,1119.19504,0.0,0.0,29.9809
594,11,5,4194304,URMA_WRITE,7,0ns,175,,2,2,5,5,0,1117.9218,0.0,0.0,30.0150
595,11,5,4194304,URMA_WRITE,7,0ns,175,,3,3,6,6,0,1117.18844,0.0,0.0,30.0347
596,11,1,4194304,URMA_WRITE,7,0ns,176,,0,0,3,3,0,1118.39132,0.0,0.0,30.0024
597,11,1,4194304,URMA_WRITE,7,0ns,176,,1,1,4,4,0,1118.99492,0.0,0.0,29.9862
598,11,1,4194304,URMA_WRITE,7,0ns,176,,2,2,5,5,0,1118.67544,0.0,0.0,29.9948
599,11,1,4194304,URMA_WRITE,7,0ns,176,,3,3,6,6,0,1120.35992,0.0,0.0,29.9497
600,11,4,4194304,URMA_WRITE,7,0ns,177,,0,0,3,3,0,1118.40132,0.0,0.0,30.0021
601,11,4,4194304,URMA_WRITE,7,0ns,177,,1,1,4,4,0,1119.83108,0.0,0.0,29.9638
602,11,4,4194304,URMA_WRITE,7,0ns,177,,2,2,5,5,0,1119.34884,0.0,0.0,29.9767
603,11,4,4194304,URMA_WRITE,7,0ns,177,,3,3,6,6,0,1118.41268,0.0,0.0,30.0018
604,11,2,4194304,URMA_WRITE,7,0ns,178,,0,0,3,3,0,1118.41132,0.0,0.0,30.0019
605,11,2,4194304,URMA_WRITE,7,0ns,178,,1,1,4,4,0,1119.00492,0.0,0.0,29.9860
606,11,2,4194304,URMA_WRITE,7,0ns,178,,2,2,5,5,0,1120.82972,0.0,0.0,29.9371
607,11,2,4194304,URMA_WRITE,7,0ns,178,,3,3,6,6,0,1119.03764,0.0,0.0,29.9851
608,11,3,4194304,URMA_WRITE,7,0ns,179,,0,0,3,3,0,1119.08788,0.0,0.0,29.9837
609,11,3,4194304,URMA_WRITE,7,0ns,179,,1,1,4,4,0,1121.60036,0.0,0.0,29.9166
610,11,3,4194304,URMA_WRITE,7,0ns,179,,2,2,5,5,0,1119.20344,0.0,0.0,29.9806
611,11,3,4194304,URMA_WRITE,7,0ns,179,,3,3,6,6,0,1117.83276,0.0,0.0,30.0174
612,12,11,4194304,URMA_WRITE,7,0ns,180,,0,0,3,3,0,1118.17132,0.0,0.0,30.0083
613,12,11,4194304,URMA_WRITE,7,0ns,180,,1,1,4,4,0,1118.98492,0.0,0.0,29.9865
614,12,11,4194304,URMA_WRITE,7,0ns,180,,2,2,5,5,0,1119.2434,0.0,0.0,29.9796
615,12,11,4194304,URMA_WRITE,7,0ns,180,,3,3,6,6,0,1117.021,0.0,0.0,30.0392
616,12,13,16777216,URMA_WRITE,7,0ns,181,,0,0,0,0,0,367.25124,0.0,0.0,365.4657
617,12,10,4194304,URMA_WRITE,7,0ns,182,,0,0,3,3,0,1117.18308,0.0,0.0,30.0349
618,12,10,4194304,URMA_WRITE,7,0ns,182,,1,1,4,4,0,1117.95756,0.0,0.0,30.0140
619,12,10,4194304,URMA_WRITE,7,0ns,182,,2,2,5,5,0,1119.16076,0.0,0.0,29.9818
620,12,10,4194304,URMA_WRITE,7,0ns,182,,3,3,6,6,0,1118.34868,0.0,0.0,30.0036
621,12,14,16777216,URMA_WRITE,7,0ns,183,,0,0,1,0,0,367.25124,0.0,0.0,365.4657
622,12,9,4194304,URMA_WRITE,7,0ns,184,,0,0,3,3,0,1117.5374,0.0,0.0,30.0253
623,12,9,4194304,URMA_WRITE,7,0ns,184,,1,1,4,4,0,1118.09732,0.0,0.0,30.0103
624,12,9,4194304,URMA_WRITE,7,0ns,184,,2,2,5,5,0,1119.88712,0.0,0.0,29.9623
625,12,9,4194304,URMA_WRITE,7,0ns,184,,3,3,6,6,0,1119.75668,0.0,0.0,29.9658
626,12,15,16777216,URMA_WRITE,7,0ns,185,,0,0,2,0,0,367.25124,0.0,0.0,365.4657
627,12,8,4194304,URMA_WRITE,7,0ns,186,,0,0,3,3,0,1117.29656,0.0,0.0,30.0318
628,12,8,4194304,URMA_WRITE,7,0ns,186,,1,1,4,4,0,1118.01968,0.0,0.0,30.0124
629,12,8,4194304,URMA_WRITE,7,0ns,186,,2,2,5,5,0,1119.61396,0.0,0.0,29.9696
630,12,8,4194304,URMA_WRITE,7,0ns,186,,3,3,6,6,0,1116.91184,0.0,0.0,30.0421
631,12,0,4194304,URMA_WRITE,7,0ns,187,,0,0,3,3,0,1118.18132,0.0,0.0,30.0080
632,12,0,4194304,URMA_WRITE,7,0ns,187,,1,1,4,4,0,1117.99684,0.0,0.0,30.0130
633,12,0,4194304,URMA_WRITE,7,0ns,187,,2,2,5,5,0,1119.21992,0.0,0.0,29.9802
634,12,0,4194304,URMA_WRITE,7,0ns,187,,3,3,6,6,0,1117.567,0.0,0.0,30.0245
635,12,7,4194304,URMA_WRITE,7,0ns,188,,0,0,3,3,0,1117.71812,0.0,0.0,30.0205
636,12,7,4194304,URMA_WRITE,7,0ns,188,,1,1,4,4,0,1118.19212,0.0,0.0,30.0078
637,12,7,4194304,URMA_WRITE,7,0ns,188,,2,2,5,5,0,1119.72312,0.0,0.0,29.9667
638,12,7,4194304,URMA_WRITE,7,0ns,188,,3,3,6,6,0,1119.61148,0.0,0.0,29.9697
639,12,1,4194304,URMA_WRITE,7,0ns,189,,0,0,3,3,0,1117.36656,0.0,0.0,30.0299
640,12,1,4194304,URMA_WRITE,7,0ns,189,,1,1,4,4,0,1118.00684,0.0,0.0,30.0127
641,12,1,4194304,URMA_WRITE,7,0ns,189,,2,2,5,5,0,1119.70312,0.0,0.0,29.9673
642,12,1,4194304,URMA_WRITE,7,0ns,189,,3,3,6,6,0,1120.44256,0.0,0.0,29.9475
643,12,6,4194304,URMA_WRITE,7,0ns,190,,0,0,3,3,0,1118.65648,0.0,0.0,29.9953
644,12,6,4194304,URMA_WRITE,7,0ns,190,,1,1,4,4,0,1117.89372,0.0,0.0,30.0158
645,12,6,4194304,URMA_WRITE,7,0ns,190,,2,2,5,5,0,1118.86936,0.0,0.0,29.9896
646,12,6,4194304,URMA_WRITE,7,0ns,190,,3,3,6,6,0,1117.20264,0.0,0.0,30.0343
647,12,2,4194304,URMA_WRITE,7,0ns,191,,0,0,3,3,0,1117.4974,0.0,0.0,30.0264
648,12,2,4194304,URMA_WRITE,7,0ns,191,,1,1,4,4,0,1118.22212,0.0,0.0,30.0069
649,12,2,4194304,URMA_WRITE,7,0ns,191,,2,2,5,5,0,1120.26,0.0,0.0,29.9524
650,12,2,4194304,URMA_WRITE,7,0ns,191,,3,3,6,6,0,1118.6296,0.0,0.0,29.9960
651,12,5,4194304,URMA_WRITE,7,0ns,192,,0,0,3,3,0,1119.05232,0.0,0.0,29.9847
652,12,5,4194304,URMA_WRITE,7,0ns,192,,1,1,4,4,0,1119.28156,0.0,0.0,29.9785
653,12,5,4194304,URMA_WRITE,7,0ns,192,,2,2,5,5,0,1119.52132,0.0,0.0,29.9721
654,12,5,4194304,URMA_WRITE,7,0ns,192,,3,3,6,6,0,1116.7622,0.0,0.0,30.0462
655,12,3,4194304,URMA_WRITE,7,0ns,193,,0,0,3,3,0,1119.04788,0.0,0.0,29.9848
656,12,3,4194304,URMA_WRITE,7,0ns,193,,1,1,4,4,0,1121.64036,0.0,0.0,29.9155
657,12,3,4194304,URMA_WRITE,7,0ns,193,,2,2,5,5,0,1119.35004,0.0,0.0,29.9767
658,12,3,4194304,URMA_WRITE,7,0ns,193,,3,3,6,6,0,1117.08728,0.0,0.0,30.0374
659,12,4,4194304,URMA_WRITE,7,0ns,194,,0,0,3,3,0,1117.5174,0.0,0.0,30.0259
660,12,4,4194304,URMA_WRITE,7,0ns,194,,1,1,4,4,0,1119.84108,0.0,0.0,29.9636
661,12,4,4194304,URMA_WRITE,7,0ns,194,,2,2,5,5,0,1119.43868,0.0,0.0,29.9743
662,12,4,4194304,URMA_WRITE,7,0ns,194,,3,3,6,6,0,1118.43268,0.0,0.0,30.0013
663,13,12,16777216,URMA_WRITE,7,0ns,195,,0,0,0,0,0,367.25124,0.0,0.0,365.4657
664,13,14,16777216,URMA_WRITE,7,0ns,196,,0,0,1,1,0,367.25124,0.0,0.0,365.4657
665,13,11,4194304,URMA_WRITE,7,0ns,197,,0,0,3,3,0,1119.22736,0.0,0.0,29.9800
666,13,11,4194304,URMA_WRITE,7,0ns,197,,1,1,4,4,0,1119.51768,0.0,0.0,29.9722
667,13,11,4194304,URMA_WRITE,7,0ns,197,,2,2,5,5,0,1118.85752,0.0,0.0,29.9899
668,13,11,4194304,URMA_WRITE,7,0ns,197,,3,3,6,6,0,1117.2576,0.0,0.0,30.0329
669,13,15,16777216,URMA_WRITE,7,0ns,198,,0,0,2,1,0,367.25124,0.0,0.0,365.4657
670,13,10,4194304,URMA_WRITE,7,0ns,199,,0,0,3,3,0,1119.70056,0.0,0.0,29.9673
671,13,10,4194304,URMA_WRITE,7,0ns,199,,1,1,4,4,0,1120.45456,0.0,0.0,29.9472
672,13,10,4194304,URMA_WRITE,7,0ns,199,,2,2,5,5,0,1118.17164,0.0,0.0,30.0083
673,13,10,4194304,URMA_WRITE,7,0ns,199,,3,3,6,6,0,1119.84092,0.0,0.0,29.9636
674,13,0,4194304,URMA_WRITE,7,0ns,200,,0,0,3,3,0,1120.04548,0.0,0.0,29.9581
675,13,0,4194304,URMA_WRITE,7,0ns,200,,1,1,4,4,0,1119.95788,0.0,0.0,29.9604
676,13,0,4194304,URMA_WRITE,7,0ns,200,,2,2,5,5,0,1119.27772,0.0,0.0,29.9786
677,13,0,4194304,URMA_WRITE,7,0ns,200,,3,3,6,6,0,1117.62796,0.0,0.0,30.0229
678,13,9,4194304,URMA_WRITE,7,0ns,201,,0,0,3,3,0,1119.99848,0.0,0.0,29.9594
679,13,9,4194304,URMA_WRITE,7,0ns,201,,1,1,4,4,0,1120.64984,0.0,0.0,29.9419
680,13,9,4194304,URMA_WRITE,7,0ns,201,,2,2,5,5,0,1119.82712,0.0,0.0,29.9639
681,13,9,4194304,URMA_WRITE,7,0ns,201,,3,3,6,6,0,1119.73668,0.0,0.0,29.9664
682,13,1,4194304,URMA_WRITE,7,0ns,202,,0,0,3,3,0,1120.01548,0.0,0.0,29.9589
683,13,1,4194304,URMA_WRITE,7,0ns,202,,1,1,4,4,0,1120.43108,0.0,0.0,29.9478
684,13,1,4194304,URMA_WRITE,7,0ns,202,,2,2,5,5,0,1119.28772,0.0,0.0,29.9784
685,13,1,4194304,URMA_WRITE,7,0ns,202,,3,3,6,6,0,1119.89672,0.0,0.0,29.9621
686,13,8,4194304,URMA_WRITE,7,0ns,203,,0,0,3,3,0,1119.88236,0.0,0.0,29.9625
687,13,8,4194304,URMA_WRITE,7,0ns,203,,1,1,4,4,0,1120.2558,0.0,0.0,29.9525
688,13,8,4194304,URMA_WRITE,7,0ns,203,,2,2,5,5,0,1118.69224,0.0,0.0,29.9943
689,13,8,4194304,URMA_WRITE,7,0ns,203,,3,3,6,6,0,1117.84804,0.0,0.0,30.0170
690,13,2,4194304,URMA_WRITE,7,0ns,204,,0,0,3,3,0,1120.02548,0.0,0.0,29.9586
691,13,2,4194304,URMA_WRITE,7,0ns,204,,1,1,4,4,0,1120.62636,0.0,0.0,29.9426
692,13,2,4194304,URMA_WRITE,7,0ns,204,,2,2,5,5,0,1119.71416,0.0,0.0,29.9670
693,13,2,4194304,URMA_WRITE,7,0ns,204,,3,3,6,6,0,1118.13244,0.0,0.0,30.0094
694,13,7,4194304,URMA_WRITE,7,0ns,205,,0,0,3,3,0,1119.4918,0.0,0.0,29.9729
695,13,7,4194304,URMA_WRITE,7,0ns,205,,1,1,4,4,0,1120.2458,0.0,0.0,29.9527
696,13,7,4194304,URMA_WRITE,7,0ns,205,,2,2,5,5,0,1119.21856,0.0,0.0,29.9802
697,13,7,4194304,URMA_WRITE,7,0ns,205,,3,3,6,6,0,1119.63148,0.0,0.0,29.9692
698,13,3,4194304,URMA_WRITE,7,0ns,206,,0,0,3,3,0,1120.05548,0.0,0.0,29.9578
699,13,3,4194304,URMA_WRITE,7,0ns,206,,1,1,4,4,0,1121.06704,0.0,0.0,29.9308
700,13,3,4194304,URMA_WRITE,7,0ns,206,,2,2,5,5,0,1118.99032,0.0,0.0,29.9863
701,13,3,4194304,URMA_WRITE,7,0ns,206,,3,3,6,6,0,1117.0638,0.0,0.0,30.0381
702,13,6,4194304,URMA_WRITE,7,0ns,207,,0,0,3,3,0,1119.90584,0.0,0.0,29.9618
703,13,6,4194304,URMA_WRITE,7,0ns,207,,1,1,4,4,0,1120.26928,0.0,0.0,29.9521
704,13,6,4194304,URMA_WRITE,7,0ns,207,,2,2,5,5,0,1119.13592,0.0,0.0,29.9824
705,13,6,4194304,URMA_WRITE,7,0ns,207,,3,3,6,6,0,1117.76756,0.0,0.0,30.0191
706,13,4,4194304,URMA_WRITE,7,0ns,208,,0,0,3,3,0,1119.35,0.0,0.0,29.9767
707,13,4,4194304,URMA_WRITE,7,0ns,208,,1,1,4,4,0,1120.104,0.0,0.0,29.9565
708,13,4,4194304,URMA_WRITE,7,0ns,208,,2,2,5,5,0,1119.42084,0.0,0.0,29.9748
709,13,4,4194304,URMA_WRITE,7,0ns,208,,3,3,6,6,0,1118.10212,0.0,0.0,30.0102
710,13,5,4194304,URMA_WRITE,7,0ns,209,,0,0,3,3,0,1119.8232,0.0,0.0,29.9640
711,13,5,4194304,URMA_WRITE,7,0ns,209,,1,1,4,4,0,1120.5672,0.0,0.0,29.9441
712,13,5,4194304,URMA_WRITE,7,0ns,209,,2,2,5,5,0,1119.05328,0.0,0.0,29.9847
713,13,5,4194304,URMA_WRITE,7,0ns,209,,3,3,6,6,0,1116.29796,0.0,0.0,30.0587
714,14,13,16777216,URMA_WRITE,7,0ns,210,,0,0,1,1,0,367.25124,0.0,0.0,365.4657
715,14,15,16777216,URMA_WRITE,7,0ns,211,,0,0,2,2,0,367.25124,0.0,0.0,365.4657
716,14,12,16777216,URMA_WRITE,7,0ns,212,,0,0,0,1,0,367.25124,0.0,0.0,365.4657
717,14,0,4194304,URMA_WRITE,7,0ns,213,,0,0,3,3,0,1119.70312,0.0,0.0,29.9673
718,14,0,4194304,URMA_WRITE,7,0ns,213,,1,1,4,4,0,1116.85676,0.0,0.0,30.0436
719,14,0,4194304,URMA_WRITE,7,0ns,213,,2,2,5,5,0,1117.65836,0.0,0.0,30.0221
720,14,0,4194304,URMA_WRITE,7,0ns,213,,3,3,6,6,0,1117.73928,0.0,0.0,30.0199
721,14,11,4194304,URMA_WRITE,7,0ns,214,,0,0,3,3,0,1119.59348,0.0,0.0,29.9702
722,14,11,4194304,URMA_WRITE,7,0ns,214,,1,1,4,4,0,1118.43504,0.0,0.0,30.0012
723,14,11,4194304,URMA_WRITE,7,0ns,214,,2,2,5,5,0,1118.81252,0.0,0.0,29.9911
724,14,11,4194304,URMA_WRITE,7,0ns,214,,3,3,6,6,0,1117.25808,0.0,0.0,30.0328
725,14,1,4194304,URMA_WRITE,7,0ns,215,,0,0,3,3,0,1119.58,0.0,0.0,29.9706
726,14,1,4194304,URMA_WRITE,7,0ns,215,,1,1,4,4,0,1118.22244,0.0,0.0,30.0069
727,14,1,4194304,URMA_WRITE,7,0ns,215,,2,2,5,5,0,1119.12204,0.0,0.0,29.9828
728,14,1,4194304,URMA_WRITE,7,0ns,215,,3,3,6,6,0,1119.97936,0.0,0.0,29.9599
729,14,10,4194304,URMA_WRITE,7,0ns,216,,0,0,3,3,0,1119.29196,0.0,0.0,29.9783
730,14,10,4194304,URMA_WRITE,7,0ns,216,,1,1,4,4,0,1118.87276,0.0,0.0,29.9895
731,14,10,4194304,URMA_WRITE,7,0ns,216,,2,2,5,5,0,1118.22816,0.0,0.0,30.0068
732,14,10,4194304,URMA_WRITE,7,0ns,216,,3,3,6,6,0,1119.81092,0.0,0.0,29.9644
733,14,2,4194304,URMA_WRITE,7,0ns,217,,0,0,3,3,0,1119.37472,0.0,0.0,29.9760
734,14,2,4194304,URMA_WRITE,7,0ns,217,,1,1,4,4,0,1118.61444,0.0,0.0,29.9964
735,14,2,4194304,URMA_WRITE,7,0ns,217,,2,2,5,5,0,1119.7968,0.0,0.0,29.9648
736,14,2,4194304,URMA_WRITE,7,0ns,217,,3,3,6,6,0,1118.90452,0.0,0.0,29.9886
737,14,9,4194304,URMA_WRITE,7,0ns,218,,0,0,3,3,0,1119.21196,0.0,0.0,29.9804
738,14,9,4194304,URMA_WRITE,7,0ns,218,,1,1,4,4,0,1118.16328,0.0,0.0,30.0085
739,14,9,4194304,URMA_WRITE,7,0ns,218,,2,2,5,5,0,1119.87712,0.0,0.0,29.9626
740,14,9,4194304,URMA_WRITE,7,0ns,218,,3,3,6,6,0,1119.70668,0.0,0.0,29.9672
741,14,3,4194304,URMA_WRITE,7,0ns,219,,0,0,3,3,0,1119.69312,0.0,0.0,29.9675
742,14,3,4194304,URMA_WRITE,7,0ns,219,,1,1,4,4,0,1121.04356,0.0,0.0,29.9314
743,14,3,4194304,URMA_WRITE,7,0ns,219,,2,2,5,5,0,1119.00032,0.0,0.0,29.9861
744,14,3,4194304,URMA_WRITE,7,0ns,219,,3,3,6,6,0,1116.6666,0.0,0.0,30.0487
745,14,8,4194304,URMA_WRITE,7,0ns,220,,0,0,3,3,0,1119.12196,0.0,0.0,29.9828
746,14,8,4194304,URMA_WRITE,7,0ns,220,,1,1,4,4,0,1118.08064,0.0,0.0,30.0107
747,14,8,4194304,URMA_WRITE,7,0ns,220,,2,2,5,5,0,1118.05288,0.0,0.0,30.0115
748,14,8,4194304,URMA_WRITE,7,0ns,220,,3,3,6,6,0,1116.97548,0.0,0.0,30.0404
749,14,4,4194304,URMA_WRITE,7,0ns,221,,0,0,3,3,0,1119.6,0.0,0.0,29.9700
750,14,4,4194304,URMA_WRITE,7,0ns,221,,1,1,4,4,0,1119.42996,0.0,0.0,29.9746
751,14,4,4194304,URMA_WRITE,7,0ns,221,,2,2,5,5,0,1119.14252,0.0,0.0,29.9823
752,14,4,4194304,URMA_WRITE,7,0ns,221,,3,3,6,6,0,1117.28388,0.0,0.0,30.0321
753,14,7,4194304,URMA_WRITE,7,0ns,222,,0,0,3,3,0,1118.57444,0.0,0.0,29.9975
754,14,7,4194304,URMA_WRITE,7,0ns,222,,1,1,4,4,0,1117.55432,0.0,0.0,30.0249
755,14,7,4194304,URMA_WRITE,7,0ns,222,,2,2,5,5,0,1118.94024,0.0,0.0,29.9877
756,14,7,4194304,URMA_WRITE,7,0ns,222,,3,3,6,6,0,1119.1208,0.0,0.0,29.9829
757,14,5,4194304,URMA_WRITE,7,0ns,223,,0,0,3,3,0,1119.71612,0.0,0.0,29.9669
758,14,5,4194304,URMA_WRITE,7,0ns,223,,1,1,4,4,0,1118.83676,0.0,0.0,29.9905
759,14,5,4194304,URMA_WRITE,7,0ns,223,,2,2,5,5,0,1119.0294,0.0,0.0,29.9853
760,14,5,4194304,URMA_WRITE,7,0ns,223,,3,3,6,6,0,1117.16124,0.0,0.0,30.0354
761,14,6,4194304,URMA_WRITE,7,0ns,224,,0,0,3,3,0,1119.04764,0.0,0.0,29.9848
762,14,6,4194304,URMA_WRITE,7,0ns,224,,1,1,4,4,0,1117.47168,0.0,0.0,30.0271
763,14,6,4194304,URMA_WRITE,7,0ns,224,,2,2,5,5,0,1118.49656,0.0,0.0,29.9996
764,14,6,4194304,URMA_WRITE,7,0ns,224,,3,3,6,6,0,1117.75732,0.0,0.0,30.0194
765,15,14,16777216,URMA_WRITE,7,0ns,225,,0,0,2,2,0,367.25124,0.0,0.0,365.4657
766,15,0,4194304,URMA_WRITE,7,0ns,226,,0,0,3,3,0,1117.76004,0.0,0.0,30.0194
767,15,0,4194304,URMA_WRITE,7,0ns,226,,1,1,4,4,0,1116.01088,0.0,0.0,30.0664
768,15,0,4194304,URMA_WRITE,7,0ns,226,,2,2,5,5,0,1115.6032,0.0,0.0,30.0774
769,15,0,4194304,URMA_WRITE,7,0ns,226,,3,3,6,6,0,1117.64732,0.0,0.0,30.0224
770,15,13,16777216,URMA_WRITE,7,0ns,227,,0,0,1,2,0,367.25124,0.0,0.0,365.4657
771,15,1,4194304,URMA_WRITE,7,0ns,228,,0,0,3,3,0,1116.06268,0.0,0.0,30.0650
772,15,1,4194304,URMA_WRITE,7,0ns,228,,1,1,4,4,0,1115.91824,0.0,0.0,30.0689
773,15,1,4194304,URMA_WRITE,7,0ns,228,,2,2,5,5,0,1118.15176,0.0,0.0,30.0088
774,15,1,4194304,URMA_WRITE,7,0ns,228,,3,3,6,6,0,1120.062,0.0,0.0,29.9577
775,15,12,16777216,URMA_WRITE,7,0ns,229,,0,0,0,2,0,367.25124,0.0,0.0,365.4657
776,15,2,4194304,URMA_WRITE,7,0ns,230,,0,0,3,3,0,1116.51636,0.0,0.0,30.0528
777,15,2,4194304,URMA_WRITE,7,0ns,230,,1,1,4,4,0,1116.94772,0.0,0.0,30.0412
778,15,2,4194304,URMA_WRITE,7,0ns,230,,2,2,5,5,0,1119.87944,0.0,0.0,29.9625
779,15,2,4194304,URMA_WRITE,7,0ns,230,,3,3,6,6,0,1118.91452,0.0,0.0,29.9884
780,15,11,4194304,URMA_WRITE,7,0ns,231,,0,0,3,3,0,1118.0572,0.0,0.0,30.0114
781,15,11,4194304,URMA_WRITE,7,0ns,231,,1,1,4,4,0,1118.611,0.0,0.0,29.9965
782,15,11,4194304,URMA_WRITE,7,0ns,231,,2,2,5,5,0,1117.62648,0.0,0.0,30.0229
783,15,11,4194304,URMA_WRITE,7,0ns,231,,3,3,6,6,0,1117.8426,0.0,0.0,30.0171
784,15,3,4194304,URMA_WRITE,7,0ns,232,,0,0,3,3,0,1118.0382,0.0,0.0,30.0119
785,15,3,4194304,URMA_WRITE,7,0ns,232,,1,1,4,4,0,1121.15016,0.0,0.0,29.9286
786,15,3,4194304,URMA_WRITE,7,0ns,232,,2,2,5,5,0,1118.2422,0.0,0.0,30.0064
787,15,3,4194304,URMA_WRITE,7,0ns,232,,3,3,6,6,0,1117.88276,0.0,0.0,30.0161
788,15,10,4194304,URMA_WRITE,7,0ns,233,,0,0,3,3,0,1116.79476,0.0,0.0,30.0453
789,15,10,4194304,URMA_WRITE,7,0ns,233,,1,1,4,4,0,1118.88276,0.0,0.0,29.9892
790,15,10,4194304,URMA_WRITE,7,0ns,233,,2,2,5,5,0,1118.18164,0.0,0.0,30.0080
791,15,10,4194304,URMA_WRITE,7,0ns,233,,3,3,6,6,0,1119.82092,0.0,0.0,29.9641
792,15,4,4194304,URMA_WRITE,7,0ns,234,,0,0,3,3,0,1116.82476,0.0,0.0,30.0445
793,15,4,4194304,URMA_WRITE,7,0ns,234,,1,1,4,4,0,1119.45996,0.0,0.0,29.9738
794,15,4,4194304,URMA_WRITE,7,0ns,234,,2,2,5,5,0,1118.38412,0.0,0.0,30.0026
795,15,4,4194304,URMA_WRITE,7,0ns,234,,3,3,6,6,0,1117.75732,0.0,0.0,30.0194
796,15,9,4194304,URMA_WRITE,7,0ns,235,,0,0,3,3,0,1116.81824,0.0,0.0,30.0447
797,15,9,4194304,URMA_WRITE,7,0ns,235,,1,1,4,4,0,1117.56268,0.0,0.0,30.0247
798,15,9,4194304,URMA_WRITE,7,0ns,235,,2,2,5,5,0,1118.976,0.0,0.0,29.9867
799,15,9,4194304,URMA_WRITE,7,0ns,235,,3,3,6,6,0,1118.74812,0.0,0.0,29.9928
800,15,5,4194304,URMA_WRITE,7,0ns,236,,0,0,3,3,0,1119.26196,0.0,0.0,29.9791
801,15,5,4194304,URMA_WRITE,7,0ns,236,,1,1,4,4,0,1118.82052,0.0,0.0,29.9909
802,15,5,4194304,URMA_WRITE,7,0ns,236,,2,2,5,5,0,1117.45548,0.0,0.0,30.0275
803,15,5,4194304,URMA_WRITE,7,0ns,236,,3,3,6,6,0,1117.57644,0.0,0.0,30.0243
804,15,8,4194304,URMA_WRITE,7,0ns,237,,0,0,3,3,0,1117.45,0.0,0.0,30.0277
805,15,8,4194304,URMA_WRITE,7,0ns,237,,1,1,4,4,0,1117.46912,0.0,0.0,30.0272
806,15,8,4194304,URMA_WRITE,7,0ns,237,,2,2,5,5,0,1117.10088,0.0,0.0,30.0371
807,15,8,4194304,URMA_WRITE,7,0ns,237,,3,3,6,6,0,1117.96068,0.0,0.0,30.0140
808,15,6,4194304,URMA_WRITE,7,0ns,238,,0,0,3,3,0,1118.84612,0.0,0.0,29.9902
809,15,6,4194304,URMA_WRITE,7,0ns,238,,1,1,4,4,0,1115.7802,0.0,0.0,30.0726
810,15,6,4194304,URMA_WRITE,7,0ns,238,,2,2,5,5,0,1117.44868,0.0,0.0,30.0277
811,15,6,4194304,URMA_WRITE,7,0ns,238,,3,3,6,6,0,1117.76732,0.0,0.0,30.0192
812,15,7,4194304,URMA_WRITE,7,0ns,239,,0,0,3,3,0,1117.78412,0.0,0.0,30.0187
813,15,7,4194304,URMA_WRITE,7,0ns,239,,1,1,4,4,0,1116.70484,0.0,0.0,30.0477
814,15,7,4194304,URMA_WRITE,7,0ns,239,,2,2,5,5,0,1118.91036,0.0,0.0,29.9885
815,15,7,4194304,URMA_WRITE,7,0ns,239,,3,3,6,6,0,1119.68148,0.0,0.0,29.9678
