nodeId1,portId1,nodeId2,portId2,bandwidth,delay
0,0,64,0,400Gbps,1ns
0,1,72,0,400Gbps,1ns
0,2,80,0,400Gbps,1ns
0,3,88,0,400Gbps,1ns
0,4,96,0,400Gbps,1ns
0,5,104,0,400Gbps,1ns
0,6,112,0,400Gbps,1ns
0,7,120,0,400Gbps,1ns
1,0,64,1,400Gbps,1ns
1,1,72,1,400Gbps,1ns
1,2,80,1,400Gbps,1ns
1,3,88,1,400Gbps,1ns
1,4,96,1,400Gbps,1ns
1,5,104,1,400Gbps,1ns
1,6,112,1,400Gbps,1ns
1,7,120,1,400Gbps,1ns
2,0,64,2,400Gbps,1ns
2,1,72,2,400Gbps,1ns
2,2,80,2,400Gbps,1ns
2,3,88,2,400Gbps,1ns
2,4,96,2,400Gbps,1ns
2,5,104,2,400Gbps,1ns
2,6,112,2,400Gbps,1ns
2,7,120,2,400Gbps,1ns
3,0,64,3,400Gbps,1ns
3,1,72,3,400Gbps,1ns
3,2,80,3,400Gbps,1ns
3,3,88,3,400Gbps,1ns
3,4,96,3,400Gbps,1ns
3,5,104,3,400Gbps,1ns
3,6,112,3,400Gbps,1ns
3,7,120,3,400Gbps,1ns
4,0,64,4,400Gbps,1ns
4,1,72,4,400Gbps,1ns
4,2,80,4,400Gbps,1ns
4,3,88,4,400Gbps,1ns
4,4,96,4,400Gbps,1ns
4,5,104,4,400Gbps,1ns
4,6,112,4,400Gbps,1ns
4,7,120,4,400Gbps,1ns
5,0,64,5,400Gbps,1ns
5,1,72,5,400Gbps,1ns
5,2,80,5,400Gbps,1ns
5,3,88,5,400Gbps,1ns
5,4,96,5,400Gbps,1ns
5,5,104,5,400Gbps,1ns
5,6,112,5,400Gbps,1ns
5,7,120,5,400Gbps,1ns
6,0,64,6,400Gbps,1ns
6,1,72,6,400Gbps,1ns
6,2,80,6,400Gbps,1ns
6,3,88,6,400Gbps,1ns
6,4,96,6,400Gbps,1ns
6,5,104,6,400Gbps,1ns
6,6,112,6,400Gbps,1ns
6,7,120,6,400Gbps,1ns
7,0,64,7,400Gbps,1ns
7,1,72,7,400Gbps,1ns
7,2,80,7,400Gbps,1ns
7,3,88,7,400Gbps,1ns
7,4,96,7,400Gbps,1ns
7,5,104,7,400Gbps,1ns
7,6,112,7,400Gbps,1ns
7,7,120,7,400Gbps,1ns
8,0,65,0,400Gbps,1ns
8,1,73,0,400Gbps,1ns
8,2,81,0,400Gbps,1ns
8,3,89,0,400Gbps,1ns
8,4,97,0,400Gbps,1ns
8,5,105,0,400Gbps,1ns
8,6,113,0,400Gbps,1ns
8,7,121,0,400Gbps,1ns
9,0,65,1,400Gbps,1ns
9,1,73,1,400Gbps,1ns
9,2,81,1,400Gbps,1ns
9,3,89,1,400Gbps,1ns
9,4,97,1,400Gbps,1ns
9,5,105,1,400Gbps,1ns
9,6,113,1,400Gbps,1ns
9,7,121,1,400Gbps,1ns
10,0,65,2,400Gbps,1ns
10,1,73,2,400Gbps,1ns
10,2,81,2,400Gbps,1ns
10,3,89,2,400Gbps,1ns
10,4,97,2,400Gbps,1ns
10,5,105,2,400Gbps,1ns
10,6,113,2,400Gbps,1ns
10,7,121,2,400Gbps,1ns
11,0,65,3,400Gbps,1ns
11,1,73,3,400Gbps,1ns
11,2,81,3,400Gbps,1ns
11,3,89,3,400Gbps,1ns
11,4,97,3,400Gbps,1ns
11,5,105,3,400Gbps,1ns
11,6,113,3,400Gbps,1ns
11,7,121,3,400Gbps,1ns
12,0,65,4,400Gbps,1ns
12,1,73,4,400Gbps,1ns
12,2,81,4,400Gbps,1ns
12,3,89,4,400Gbps,1ns
12,4,97,4,400Gbps,1ns
12,5,105,4,400Gbps,1ns
12,6,113,4,400Gbps,1ns
12,7,121,4,400Gbps,1ns
13,0,65,5,400Gbps,1ns
13,1,73,5,400Gbps,1ns
13,2,81,5,400Gbps,1ns
13,3,89,5,400Gbps,1ns
13,4,97,5,400Gbps,1ns
13,5,105,5,400Gbps,1ns
13,6,113,5,400Gbps,1ns
13,7,121,5,400Gbps,1ns
14,0,65,6,400Gbps,1ns
14,1,73,6,400Gbps,1ns
14,2,81,6,400Gbps,1ns
14,3,89,6,400Gbps,1ns
14,4,97,6,400Gbps,1ns
14,5,105,6,400Gbps,1ns
14,6,113,6,400Gbps,1ns
14,7,121,6,400Gbps,1ns
15,0,65,7,400Gbps,1ns
15,1,73,7,400Gbps,1ns
15,2,81,7,400Gbps,1ns
15,3,89,7,400Gbps,1ns
15,4,97,7,400Gbps,1ns
15,5,105,7,400Gbps,1ns
15,6,113,7,400Gbps,1ns
15,7,121,7,400Gbps,1ns
16,0,66,0,400Gbps,1ns
16,1,74,0,400Gbps,1ns
16,2,82,0,400Gbps,1ns
16,3,90,0,400Gbps,1ns
16,4,98,0,400Gbps,1ns
16,5,106,0,400Gbps,1ns
16,6,114,0,400Gbps,1ns
16,7,122,0,400Gbps,1ns
17,0,66,1,400Gbps,1ns
17,1,74,1,400Gbps,1ns
17,2,82,1,400Gbps,1ns
17,3,90,1,400Gbps,1ns
17,4,98,1,400Gbps,1ns
17,5,106,1,400Gbps,1ns
17,6,114,1,400Gbps,1ns
17,7,122,1,400Gbps,1ns
18,0,66,2,400Gbps,1ns
18,1,74,2,400Gbps,1ns
18,2,82,2,400Gbps,1ns
18,3,90,2,400Gbps,1ns
18,4,98,2,400Gbps,1ns
18,5,106,2,400Gbps,1ns
18,6,114,2,400Gbps,1ns
18,7,122,2,400Gbps,1ns
19,0,66,3,400Gbps,1ns
19,1,74,3,400Gbps,1ns
19,2,82,3,400Gbps,1ns
19,3,90,3,400Gbps,1ns
19,4,98,3,400Gbps,1ns
19,5,106,3,400Gbps,1ns
19,6,114,3,400Gbps,1ns
19,7,122,3,400Gbps,1ns
20,0,66,4,400Gbps,1ns
20,1,74,4,400Gbps,1ns
20,2,82,4,400Gbps,1ns
20,3,90,4,400Gbps,1ns
20,4,98,4,400Gbps,1ns
20,5,106,4,400Gbps,1ns
20,6,114,4,400Gbps,1ns
20,7,122,4,400Gbps,1ns
21,0,66,5,400Gbps,1ns
21,1,74,5,400Gbps,1ns
21,2,82,5,400Gbps,1ns
21,3,90,5,400Gbps,1ns
21,4,98,5,400Gbps,1ns
21,5,106,5,400Gbps,1ns
21,6,114,5,400Gbps,1ns
21,7,122,5,400Gbps,1ns
22,0,66,6,400Gbps,1ns
22,1,74,6,400Gbps,1ns
22,2,82,6,400Gbps,1ns
22,3,90,6,400Gbps,1ns
22,4,98,6,400Gbps,1ns
22,5,106,6,400Gbps,1ns
22,6,114,6,400Gbps,1ns
22,7,122,6,400Gbps,1ns
23,0,66,7,400Gbps,1ns
23,1,74,7,400Gbps,1ns
23,2,82,7,400Gbps,1ns
23,3,90,7,400Gbps,1ns
23,4,98,7,400Gbps,1ns
23,5,106,7,400Gbps,1ns
23,6,114,7,400Gbps,1ns
23,7,122,7,400Gbps,1ns
24,0,67,0,400Gbps,1ns
24,1,75,0,400Gbps,1ns
24,2,83,0,400Gbps,1ns
24,3,91,0,400Gbps,1ns
24,4,99,0,400Gbps,1ns
24,5,107,0,400Gbps,1ns
24,6,115,0,400Gbps,1ns
24,7,123,0,400Gbps,1ns
25,0,67,1,400Gbps,1ns
25,1,75,1,400Gbps,1ns
25,2,83,1,400Gbps,1ns
25,3,91,1,400Gbps,1ns
25,4,99,1,400Gbps,1ns
25,5,107,1,400Gbps,1ns
25,6,115,1,400Gbps,1ns
25,7,123,1,400Gbps,1ns
26,0,67,2,400Gbps,1ns
26,1,75,2,400Gbps,1ns
26,2,83,2,400Gbps,1ns
26,3,91,2,400Gbps,1ns
26,4,99,2,400Gbps,1ns
26,5,107,2,400Gbps,1ns
26,6,115,2,400Gbps,1ns
26,7,123,2,400Gbps,1ns
27,0,67,3,400Gbps,1ns
27,1,75,3,400Gbps,1ns
27,2,83,3,400Gbps,1ns
27,3,91,3,400Gbps,1ns
27,4,99,3,400Gbps,1ns
27,5,107,3,400Gbps,1ns
27,6,115,3,400Gbps,1ns
27,7,123,3,400Gbps,1ns
28,0,67,4,400Gbps,1ns
28,1,75,4,400Gbps,1ns
28,2,83,4,400Gbps,1ns
28,3,91,4,400Gbps,1ns
28,4,99,4,400Gbps,1ns
28,5,107,4,400Gbps,1ns
28,6,115,4,400Gbps,1ns
28,7,123,4,400Gbps,1ns
29,0,67,5,400Gbps,1ns
29,1,75,5,400Gbps,1ns
29,2,83,5,400Gbps,1ns
29,3,91,5,400Gbps,1ns
29,4,99,5,400Gbps,1ns
29,5,107,5,400Gbps,1ns
29,6,115,5,400Gbps,1ns
29,7,123,5,400Gbps,1ns
30,0,67,6,400Gbps,1ns
30,1,75,6,400Gbps,1ns
30,2,83,6,400Gbps,1ns
30,3,91,6,400Gbps,1ns
30,4,99,6,400Gbps,1ns
30,5,107,6,400Gbps,1ns
30,6,115,6,400Gbps,1ns
30,7,123,6,400Gbps,1ns
31,0,67,7,400Gbps,1ns
31,1,75,7,400Gbps,1ns
31,2,83,7,400Gbps,1ns
31,3,91,7,400Gbps,1ns
31,4,99,7,400Gbps,1ns
31,5,107,7,400Gbps,1ns
31,6,115,7,400Gbps,1ns
31,7,123,7,400Gbps,1ns
32,0,68,0,400Gbps,1ns
32,1,76,0,400Gbps,1ns
32,2,84,0,400Gbps,1ns
32,3,92,0,400Gbps,1ns
32,4,100,0,400Gbps,1ns
32,5,108,0,400Gbps,1ns
32,6,116,0,400Gbps,1ns
32,7,124,0,400Gbps,1ns
33,0,68,1,400Gbps,1ns
33,1,76,1,400Gbps,1ns
33,2,84,1,400Gbps,1ns
33,3,92,1,400Gbps,1ns
33,4,100,1,400Gbps,1ns
33,5,108,1,400Gbps,1ns
33,6,116,1,400Gbps,1ns
33,7,124,1,400Gbps,1ns
34,0,68,2,400Gbps,1ns
34,1,76,2,400Gbps,1ns
34,2,84,2,400Gbps,1ns
34,3,92,2,400Gbps,1ns
34,4,100,2,400Gbps,1ns
34,5,108,2,400Gbps,1ns
34,6,116,2,400Gbps,1ns
34,7,124,2,400Gbps,1ns
35,0,68,3,400Gbps,1ns
35,1,76,3,400Gbps,1ns
35,2,84,3,400Gbps,1ns
35,3,92,3,400Gbps,1ns
35,4,100,3,400Gbps,1ns
35,5,108,3,400Gbps,1ns
35,6,116,3,400Gbps,1ns
35,7,124,3,400Gbps,1ns
36,0,68,4,400Gbps,1ns
36,1,76,4,400Gbps,1ns
36,2,84,4,400Gbps,1ns
36,3,92,4,400Gbps,1ns
36,4,100,4,400Gbps,1ns
36,5,108,4,400Gbps,1ns
36,6,116,4,400Gbps,1ns
36,7,124,4,400Gbps,1ns
37,0,68,5,400Gbps,1ns
37,1,76,5,400Gbps,1ns
37,2,84,5,400Gbps,1ns
37,3,92,5,400Gbps,1ns
37,4,100,5,400Gbps,1ns
37,5,108,5,400Gbps,1ns
37,6,116,5,400Gbps,1ns
37,7,124,5,400Gbps,1ns
38,0,68,6,400Gbps,1ns
38,1,76,6,400Gbps,1ns
38,2,84,6,400Gbps,1ns
38,3,92,6,400Gbps,1ns
38,4,100,6,400Gbps,1ns
38,5,108,6,400Gbps,1ns
38,6,116,6,400Gbps,1ns
38,7,124,6,400Gbps,1ns
39,0,68,7,400Gbps,1ns
39,1,76,7,400Gbps,1ns
39,2,84,7,400Gbps,1ns
39,3,92,7,400Gbps,1ns
39,4,100,7,400Gbps,1ns
39,5,108,7,400Gbps,1ns
39,6,116,7,400Gbps,1ns
39,7,124,7,400Gbps,1ns
40,0,69,0,400Gbps,1ns
40,1,77,0,400Gbps,1ns
40,2,85,0,400Gbps,1ns
40,3,93,0,400Gbps,1ns
40,4,101,0,400Gbps,1ns
40,5,109,0,400Gbps,1ns
40,6,117,0,400Gbps,1ns
40,7,125,0,400Gbps,1ns
41,0,69,1,400Gbps,1ns
41,1,77,1,400Gbps,1ns
41,2,85,1,400Gbps,1ns
41,3,93,1,400Gbps,1ns
41,4,101,1,400Gbps,1ns
41,5,109,1,400Gbps,1ns
41,6,117,1,400Gbps,1ns
41,7,125,1,400Gbps,1ns
42,0,69,2,400Gbps,1ns
42,1,77,2,400Gbps,1ns
42,2,85,2,400Gbps,1ns
42,3,93,2,400Gbps,1ns
42,4,101,2,400Gbps,1ns
42,5,109,2,400Gbps,1ns
42,6,117,2,400Gbps,1ns
42,7,125,2,400Gbps,1ns
43,0,69,3,400Gbps,1ns
43,1,77,3,400Gbps,1ns
43,2,85,3,400Gbps,1ns
43,3,93,3,400Gbps,1ns
43,4,101,3,400Gbps,1ns
43,5,109,3,400Gbps,1ns
43,6,117,3,400Gbps,1ns
43,7,125,3,400Gbps,1ns
44,0,69,4,400Gbps,1ns
44,1,77,4,400Gbps,1ns
44,2,85,4,400Gbps,1ns
44,3,93,4,400Gbps,1ns
44,4,101,4,400Gbps,1ns
44,5,109,4,400Gbps,1ns
44,6,117,4,400Gbps,1ns
44,7,125,4,400Gbps,1ns
45,0,69,5,400Gbps,1ns
45,1,77,5,400Gbps,1ns
45,2,85,5,400Gbps,1ns
45,3,93,5,400Gbps,1ns
45,4,101,5,400Gbps,1ns
45,5,109,5,400Gbps,1ns
45,6,117,5,400Gbps,1ns
45,7,125,5,400Gbps,1ns
46,0,69,6,400Gbps,1ns
46,1,77,6,400Gbps,1ns
46,2,85,6,400Gbps,1ns
46,3,93,6,400Gbps,1ns
46,4,101,6,400Gbps,1ns
46,5,109,6,400Gbps,1ns
46,6,117,6,400Gbps,1ns
46,7,125,6,400Gbps,1ns
47,0,69,7,400Gbps,1ns
47,1,77,7,400Gbps,1ns
47,2,85,7,400Gbps,1ns
47,3,93,7,400Gbps,1ns
47,4,101,7,400Gbps,1ns
47,5,109,7,400Gbps,1ns
47,6,117,7,400Gbps,1ns
47,7,125,7,400Gbps,1ns
48,0,70,0,400Gbps,1ns
48,1,78,0,400Gbps,1ns
48,2,86,0,400Gbps,1ns
48,3,94,0,400Gbps,1ns
48,4,102,0,400Gbps,1ns
48,5,110,0,400Gbps,1ns
48,6,118,0,400Gbps,1ns
48,7,126,0,400Gbps,1ns
49,0,70,1,400Gbps,1ns
49,1,78,1,400Gbps,1ns
49,2,86,1,400Gbps,1ns
49,3,94,1,400Gbps,1ns
49,4,102,1,400Gbps,1ns
49,5,110,1,400Gbps,1ns
49,6,118,1,400Gbps,1ns
49,7,126,1,400Gbps,1ns
50,0,70,2,400Gbps,1ns
50,1,78,2,400Gbps,1ns
50,2,86,2,400Gbps,1ns
50,3,94,2,400Gbps,1ns
50,4,102,2,400Gbps,1ns
50,5,110,2,400Gbps,1ns
50,6,118,2,400Gbps,1ns
50,7,126,2,400Gbps,1ns
51,0,70,3,400Gbps,1ns
51,1,78,3,400Gbps,1ns
51,2,86,3,400Gbps,1ns
51,3,94,3,400Gbps,1ns
51,4,102,3,400Gbps,1ns
51,5,110,3,400Gbps,1ns
51,6,118,3,400Gbps,1ns
51,7,126,3,400Gbps,1ns
52,0,70,4,400Gbps,1ns
52,1,78,4,400Gbps,1ns
52,2,86,4,400Gbps,1ns
52,3,94,4,400Gbps,1ns
52,4,102,4,400Gbps,1ns
52,5,110,4,400Gbps,1ns
52,6,118,4,400Gbps,1ns
52,7,126,4,400Gbps,1ns
53,0,70,5,400Gbps,1ns
53,1,78,5,400Gbps,1ns
53,2,86,5,400Gbps,1ns
53,3,94,5,400Gbps,1ns
53,4,102,5,400Gbps,1ns
53,5,110,5,400Gbps,1ns
53,6,118,5,400Gbps,1ns
53,7,126,5,400Gbps,1ns
54,0,70,6,400Gbps,1ns
54,1,78,6,400Gbps,1ns
54,2,86,6,400Gbps,1ns
54,3,94,6,400Gbps,1ns
54,4,102,6,400Gbps,1ns
54,5,110,6,400Gbps,1ns
54,6,118,6,400Gbps,1ns
54,7,126,6,400Gbps,1ns
55,0,70,7,400Gbps,1ns
55,1,78,7,400Gbps,1ns
55,2,86,7,400Gbps,1ns
55,3,94,7,400Gbps,1ns
55,4,102,7,400Gbps,1ns
55,5,110,7,400Gbps,1ns
55,6,118,7,400Gbps,1ns
55,7,126,7,400Gbps,1ns
56,0,71,0,400Gbps,1ns
56,1,79,0,400Gbps,1ns
56,2,87,0,400Gbps,1ns
56,3,95,0,400Gbps,1ns
56,4,103,0,400Gbps,1ns
56,5,111,0,400Gbps,1ns
56,6,119,0,400Gbps,1ns
56,7,127,0,400Gbps,1ns
57,0,71,1,400Gbps,1ns
57,1,79,1,400Gbps,1ns
57,2,87,1,400Gbps,1ns
57,3,95,1,400Gbps,1ns
57,4,103,1,400Gbps,1ns
57,5,111,1,400Gbps,1ns
57,6,119,1,400Gbps,1ns
57,7,127,1,400Gbps,1ns
58,0,71,2,400Gbps,1ns
58,1,79,2,400Gbps,1ns
58,2,87,2,400Gbps,1ns
58,3,95,2,400Gbps,1ns
58,4,103,2,400Gbps,1ns
58,5,111,2,400Gbps,1ns
58,6,119,2,400Gbps,1ns
58,7,127,2,400Gbps,1ns
59,0,71,3,400Gbps,1ns
59,1,79,3,400Gbps,1ns
59,2,87,3,400Gbps,1ns
59,3,95,3,400Gbps,1ns
59,4,103,3,400Gbps,1ns
59,5,111,3,400Gbps,1ns
59,6,119,3,400Gbps,1ns
59,7,127,3,400Gbps,1ns
60,0,71,4,400Gbps,1ns
60,1,79,4,400Gbps,1ns
60,2,87,4,400Gbps,1ns
60,3,95,4,400Gbps,1ns
60,4,103,4,400Gbps,1ns
60,5,111,4,400Gbps,1ns
60,6,119,4,400Gbps,1ns
60,7,127,4,400Gbps,1ns
61,0,71,5,400Gbps,1ns
61,1,79,5,400Gbps,1ns
61,2,87,5,400Gbps,1ns
61,3,95,5,400Gbps,1ns
61,4,103,5,400Gbps,1ns
61,5,111,5,400Gbps,1ns
61,6,119,5,400Gbps,1ns
61,7,127,5,400Gbps,1ns
62,0,71,6,400Gbps,1ns
62,1,79,6,400Gbps,1ns
62,2,87,6,400Gbps,1ns
62,3,95,6,400Gbps,1ns
62,4,103,6,400Gbps,1ns
62,5,111,6,400Gbps,1ns
62,6,119,6,400Gbps,1ns
62,7,127,6,400Gbps,1ns
63,0,71,7,400Gbps,1ns
63,1,79,7,400Gbps,1ns
63,2,87,7,400Gbps,1ns
63,3,95,7,400Gbps,1ns
63,4,103,7,400Gbps,1ns
63,5,111,7,400Gbps,1ns
63,6,119,7,400Gbps,1ns
63,7,127,7,400Gbps,1ns
0,8,1,8,400Gbps,1ns
0,9,2,8,400Gbps,1ns
0,10,3,8,400Gbps,1ns
0,11,4,8,400Gbps,1ns
0,12,5,8,400Gbps,1ns
0,13,6,8,400Gbps,1ns
0,14,7,8,400Gbps,1ns
1,9,2,9,400Gbps,1ns
1,10,3,9,400Gbps,1ns
1,11,4,9,400Gbps,1ns
1,12,5,9,400Gbps,1ns
1,13,6,9,400Gbps,1ns
1,14,7,9,400Gbps,1ns
2,10,3,10,400Gbps,1ns
2,11,4,10,400Gbps,1ns
2,12,5,10,400Gbps,1ns
2,13,6,10,400Gbps,1ns
2,14,7,10,400Gbps,1ns
3,11,4,11,400Gbps,1ns
3,12,5,11,400Gbps,1ns
3,13,6,11,400Gbps,1ns
3,14,7,11,400Gbps,1ns
4,12,5,12,400Gbps,1ns
4,13,6,12,400Gbps,1ns
4,14,7,12,400Gbps,1ns
5,13,6,13,400Gbps,1ns
5,14,7,13,400Gbps,1ns
6,14,7,14,400Gbps,1ns
8,8,9,8,400Gbps,1ns
8,9,10,8,400Gbps,1ns
8,10,11,8,400Gbps,1ns
8,11,12,8,400Gbps,1ns
8,12,13,8,400Gbps,1ns
8,13,14,8,400Gbps,1ns
8,14,15,8,400Gbps,1ns
9,9,10,9,400Gbps,1ns
9,10,11,9,400Gbps,1ns
9,11,12,9,400Gbps,1ns
9,12,13,9,400Gbps,1ns
9,13,14,9,400Gbps,1ns
9,14,15,9,400Gbps,1ns
10,10,11,10,400Gbps,1ns
10,11,12,10,400Gbps,1ns
10,12,13,10,400Gbps,1ns
10,13,14,10,400Gbps,1ns
10,14,15,10,400Gbps,1ns
11,11,12,11,400Gbps,1ns
11,12,13,11,400Gbps,1ns
11,13,14,11,400Gbps,1ns
11,14,15,11,400Gbps,1ns
12,12,13,12,400Gbps,1ns
12,13,14,12,400Gbps,1ns
12,14,15,12,400Gbps,1ns
13,13,14,13,400Gbps,1ns
13,14,15,13,400Gbps,1ns
14,14,15,14,400Gbps,1ns
16,8,17,8,400Gbps,1ns
16,9,18,8,400Gbps,1ns
16,10,19,8,400Gbps,1ns
16,11,20,8,400Gbps,1ns
16,12,21,8,400Gbps,1ns
16,13,22,8,400Gbps,1ns
16,14,23,8,400Gbps,1ns
17,9,18,9,400Gbps,1ns
17,10,19,9,400Gbps,1ns
17,11,20,9,400Gbps,1ns
17,12,21,9,400Gbps,1ns
17,13,22,9,400Gbps,1ns
17,14,23,9,400Gbps,1ns
18,10,19,10,400Gbps,1ns
18,11,20,10,400Gbps,1ns
18,12,21,10,400Gbps,1ns
18,13,22,10,400Gbps,1ns
18,14,23,10,400Gbps,1ns
19,11,20,11,400Gbps,1ns
19,12,21,11,400Gbps,1ns
19,13,22,11,400Gbps,1ns
19,14,23,11,400Gbps,1ns
20,12,21,12,400Gbps,1ns
20,13,22,12,400Gbps,1ns
20,14,23,12,400Gbps,1ns
21,13,22,13,400Gbps,1ns
21,14,23,13,400Gbps,1ns
22,14,23,14,400Gbps,1ns
24,8,25,8,400Gbps,1ns
24,9,26,8,400Gbps,1ns
24,10,27,8,400Gbps,1ns
24,11,28,8,400Gbps,1ns
24,12,29,8,400Gbps,1ns
24,13,30,8,400Gbps,1ns
24,14,31,8,400Gbps,1ns
25,9,26,9,400Gbps,1ns
25,10,27,9,400Gbps,1ns
25,11,28,9,400Gbps,1ns
25,12,29,9,400Gbps,1ns
25,13,30,9,400Gbps,1ns
25,14,31,9,400Gbps,1ns
26,10,27,10,400Gbps,1ns
26,11,28,10,400Gbps,1ns
26,12,29,10,400Gbps,1ns
26,13,30,10,400Gbps,1ns
26,14,31,10,400Gbps,1ns
27,11,28,11,400Gbps,1ns
27,12,29,11,400Gbps,1ns
27,13,30,11,400Gbps,1ns
27,14,31,11,400Gbps,1ns
28,12,29,12,400Gbps,1ns
28,13,30,12,400Gbps,1ns
28,14,31,12,400Gbps,1ns
29,13,30,13,400Gbps,1ns
29,14,31,13,400Gbps,1ns
30,14,31,14,400Gbps,1ns
32,8,33,8,400Gbps,1ns
32,9,34,8,400Gbps,1ns
32,10,35,8,400Gbps,1ns
32,11,36,8,400Gbps,1ns
32,12,37,8,400Gbps,1ns
32,13,38,8,400Gbps,1ns
32,14,39,8,400Gbps,1ns
33,9,34,9,400Gbps,1ns
33,10,35,9,400Gbps,1ns
33,11,36,9,400Gbps,1ns
33,12,37,9,400Gbps,1ns
33,13,38,9,400Gbps,1ns
33,14,39,9,400Gbps,1ns
34,10,35,10,400Gbps,1ns
34,11,36,10,400Gbps,1ns
34,12,37,10,400Gbps,1ns
34,13,38,10,400Gbps,1ns
34,14,39,10,400Gbps,1ns
35,11,36,11,400Gbps,1ns
35,12,37,11,400Gbps,1ns
35,13,38,11,400Gbps,1ns
35,14,39,11,400Gbps,1ns
36,12,37,12,400Gbps,1ns
36,13,38,12,400Gbps,1ns
36,14,39,12,400Gbps,1ns
37,13,38,13,400Gbps,1ns
37,14,39,13,400Gbps,1ns
38,14,39,14,400Gbps,1ns
40,8,41,8,400Gbps,1ns
40,9,42,8,400Gbps,1ns
40,10,43,8,400Gbps,1ns
40,11,44,8,400Gbps,1ns
40,12,45,8,400Gbps,1ns
40,13,46,8,400Gbps,1ns
40,14,47,8,400Gbps,1ns
41,9,42,9,400Gbps,1ns
41,10,43,9,400Gbps,1ns
41,11,44,9,400Gbps,1ns
41,12,45,9,400Gbps,1ns
41,13,46,9,400Gbps,1ns
41,14,47,9,400Gbps,1ns
42,10,43,10,400Gbps,1ns
42,11,44,10,400Gbps,1ns
42,12,45,10,400Gbps,1ns
42,13,46,10,400Gbps,1ns
42,14,47,10,400Gbps,1ns
43,11,44,11,400Gbps,1ns
43,12,45,11,400Gbps,1ns
43,13,46,11,400Gbps,1ns
43,14,47,11,400Gbps,1ns
44,12,45,12,400Gbps,1ns
44,13,46,12,400Gbps,1ns
44,14,47,12,400Gbps,1ns
45,13,46,13,400Gbps,1ns
45,14,47,13,400Gbps,1ns
46,14,47,14,400Gbps,1ns
48,8,49,8,400Gbps,1ns
48,9,50,8,400Gbps,1ns
48,10,51,8,400Gbps,1ns
48,11,52,8,400Gbps,1ns
48,12,53,8,400Gbps,1ns
48,13,54,8,400Gbps,1ns
48,14,55,8,400Gbps,1ns
49,9,50,9,400Gbps,1ns
49,10,51,9,400Gbps,1ns
49,11,52,9,400Gbps,1ns
49,12,53,9,400Gbps,1ns
49,13,54,9,400Gbps,1ns
49,14,55,9,400Gbps,1ns
50,10,51,10,400Gbps,1ns
50,11,52,10,400Gbps,1ns
50,12,53,10,400Gbps,1ns
50,13,54,10,400Gbps,1ns
50,14,55,10,400Gbps,1ns
51,11,52,11,400Gbps,1ns
51,12,53,11,400Gbps,1ns
51,13,54,11,400Gbps,1ns
51,14,55,11,400Gbps,1ns
52,12,53,12,400Gbps,1ns
52,13,54,12,400Gbps,1ns
52,14,55,12,400Gbps,1ns
53,13,54,13,400Gbps,1ns
53,14,55,13,400Gbps,1ns
54,14,55,14,400Gbps,1ns
56,8,57,8,400Gbps,1ns
56,9,58,8,400Gbps,1ns
56,10,59,8,400Gbps,1ns
56,11,60,8,400Gbps,1ns
56,12,61,8,400Gbps,1ns
56,13,62,8,400Gbps,1ns
56,14,63,8,400Gbps,1ns
57,9,58,9,400Gbps,1ns
57,10,59,9,400Gbps,1ns
57,11,60,9,400Gbps,1ns
57,12,61,9,400Gbps,1ns
57,13,62,9,400Gbps,1ns
57,14,63,9,400Gbps,1ns
58,10,59,10,400Gbps,1ns
58,11,60,10,400Gbps,1ns
58,12,61,10,400Gbps,1ns
58,13,62,10,400Gbps,1ns
58,14,63,10,400Gbps,1ns
59,11,60,11,400Gbps,1ns
59,12,61,11,400Gbps,1ns
59,13,62,11,400Gbps,1ns
59,14,63,11,400Gbps,1ns
60,12,61,12,400Gbps,1ns
60,13,62,12,400Gbps,1ns
60,14,63,12,400Gbps,1ns
61,13,62,13,400Gbps,1ns
61,14,63,13,400Gbps,1ns
62,14,63,14,400Gbps,1ns
64,8,128,0,400Gbps,1ns
64,9,128,1,400Gbps,1ns
64,10,129,0,400Gbps,1ns
64,11,129,1,400Gbps,1ns
65,8,128,2,400Gbps,1ns
65,9,128,3,400Gbps,1ns
65,10,129,2,400Gbps,1ns
65,11,129,3,400Gbps,1ns
66,8,128,4,400Gbps,1ns
66,9,128,5,400Gbps,1ns
66,10,129,4,400Gbps,1ns
66,11,129,5,400Gbps,1ns
67,8,128,6,400Gbps,1ns
67,9,128,7,400Gbps,1ns
67,10,129,6,400Gbps,1ns
67,11,129,7,400Gbps,1ns
68,8,128,8,400Gbps,1ns
68,9,128,9,400Gbps,1ns
68,10,129,8,400Gbps,1ns
68,11,129,9,400Gbps,1ns
69,8,128,10,400Gbps,1ns
69,9,128,11,400Gbps,1ns
69,10,129,10,400Gbps,1ns
69,11,129,11,400Gbps,1ns
70,8,128,12,400Gbps,1ns
70,9,128,13,400Gbps,1ns
70,10,129,12,400Gbps,1ns
70,11,129,13,400Gbps,1ns
71,8,128,14,400Gbps,1ns
71,9,128,15,400Gbps,1ns
71,10,129,14,400Gbps,1ns
71,11,129,15,400Gbps,1ns
72,8,130,0,400Gbps,1ns
72,9,130,1,400Gbps,1ns
72,10,131,0,400Gbps,1ns
72,11,131,1,400Gbps,1ns
73,8,130,2,400Gbps,1ns
73,9,130,3,400Gbps,1ns
73,10,131,2,400Gbps,1ns
73,11,131,3,400Gbps,1ns
74,8,130,4,400Gbps,1ns
74,9,130,5,400Gbps,1ns
74,10,131,4,400Gbps,1ns
74,11,131,5,400Gbps,1ns
75,8,130,6,400Gbps,1ns
75,9,130,7,400Gbps,1ns
75,10,131,6,400Gbps,1ns
75,11,131,7,400Gbps,1ns
76,8,130,8,400Gbps,1ns
76,9,130,9,400Gbps,1ns
76,10,131,8,400Gbps,1ns
76,11,131,9,400Gbps,1ns
77,8,130,10,400Gbps,1ns
77,9,130,11,400Gbps,1ns
77,10,131,10,400Gbps,1ns
77,11,131,11,400Gbps,1ns
78,8,130,12,400Gbps,1ns
78,9,130,13,400Gbps,1ns
78,10,131,12,400Gbps,1ns
78,11,131,13,400Gbps,1ns
79,8,130,14,400Gbps,1ns
79,9,130,15,400Gbps,1ns
79,10,131,14,400Gbps,1ns
79,11,131,15,400Gbps,1ns
80,8,132,0,400Gbps,1ns
80,9,132,1,400Gbps,1ns
80,10,133,0,400Gbps,1ns
80,11,133,1,400Gbps,1ns
81,8,132,2,400Gbps,1ns
81,9,132,3,400Gbps,1ns
81,10,133,2,400Gbps,1ns
81,11,133,3,400Gbps,1ns
82,8,132,4,400Gbps,1ns
82,9,132,5,400Gbps,1ns
82,10,133,4,400Gbps,1ns
82,11,133,5,400Gbps,1ns
83,8,132,6,400Gbps,1ns
83,9,132,7,400Gbps,1ns
83,10,133,6,400Gbps,1ns
83,11,133,7,400Gbps,1ns
84,8,132,8,400Gbps,1ns
84,9,132,9,400Gbps,1ns
84,10,133,8,400Gbps,1ns
84,11,133,9,400Gbps,1ns
85,8,132,10,400Gbps,1ns
85,9,132,11,400Gbps,1ns
85,10,133,10,400Gbps,1ns
85,11,133,11,400Gbps,1ns
86,8,132,12,400Gbps,1ns
86,9,132,13,400Gbps,1ns
86,10,133,12,400Gbps,1ns
86,11,133,13,400Gbps,1ns
87,8,132,14,400Gbps,1ns
87,9,132,15,400Gbps,1ns
87,10,133,14,400Gbps,1ns
87,11,133,15,400Gbps,1ns
88,8,134,0,400Gbps,1ns
88,9,134,1,400Gbps,1ns
88,10,135,0,400Gbps,1ns
88,11,135,1,400Gbps,1ns
89,8,134,2,400Gbps,1ns
89,9,134,3,400Gbps,1ns
89,10,135,2,400Gbps,1ns
89,11,135,3,400Gbps,1ns
90,8,134,4,400Gbps,1ns
90,9,134,5,400Gbps,1ns
90,10,135,4,400Gbps,1ns
90,11,135,5,400Gbps,1ns
91,8,134,6,400Gbps,1ns
91,9,134,7,400Gbps,1ns
91,10,135,6,400Gbps,1ns
91,11,135,7,400Gbps,1ns
92,8,134,8,400Gbps,1ns
92,9,134,9,400Gbps,1ns
92,10,135,8,400Gbps,1ns
92,11,135,9,400Gbps,1ns
93,8,134,10,400Gbps,1ns
93,9,134,11,400Gbps,1ns
93,10,135,10,400Gbps,1ns
93,11,135,11,400Gbps,1ns
94,8,134,12,400Gbps,1ns
94,9,134,13,400Gbps,1ns
94,10,135,12,400Gbps,1ns
94,11,135,13,400Gbps,1ns
95,8,134,14,400Gbps,1ns
95,9,134,15,400Gbps,1ns
95,10,135,14,400Gbps,1ns
95,11,135,15,400Gbps,1ns
96,8,136,0,400Gbps,1ns
96,9,136,1,400Gbps,1ns
96,10,137,0,400Gbps,1ns
96,11,137,1,400Gbps,1ns
97,8,136,2,400Gbps,1ns
97,9,136,3,400Gbps,1ns
97,10,137,2,400Gbps,1ns
97,11,137,3,400Gbps,1ns
98,8,136,4,400Gbps,1ns
98,9,136,5,400Gbps,1ns
98,10,137,4,400Gbps,1ns
98,11,137,5,400Gbps,1ns
99,8,136,6,400Gbps,1ns
99,9,136,7,400Gbps,1ns
99,10,137,6,400Gbps,1ns
99,11,137,7,400Gbps,1ns
100,8,136,8,400Gbps,1ns
100,9,136,9,400Gbps,1ns
100,10,137,8,400Gbps,1ns
100,11,137,9,400Gbps,1ns
101,8,136,10,400Gbps,1ns
101,9,136,11,400Gbps,1ns
101,10,137,10,400Gbps,1ns
101,11,137,11,400Gbps,1ns
102,8,136,12,400Gbps,1ns
102,9,136,13,400Gbps,1ns
102,10,137,12,400Gbps,1ns
102,11,137,13,400Gbps,1ns
103,8,136,14,400Gbps,1ns
103,9,136,15,400Gbps,1ns
103,10,137,14,400Gbps,1ns
103,11,137,15,400Gbps,1ns
104,8,138,0,400Gbps,1ns
104,9,138,1,400Gbps,1ns
104,10,139,0,400Gbps,1ns
104,11,139,1,400Gbps,1ns
105,8,138,2,400Gbps,1ns
105,9,138,3,400Gbps,1ns
105,10,139,2,400Gbps,1ns
105,11,139,3,400Gbps,1ns
106,8,138,4,400Gbps,1ns
106,9,138,5,400Gbps,1ns
106,10,139,4,400Gbps,1ns
106,11,139,5,400Gbps,1ns
107,8,138,6,400Gbps,1ns
107,9,138,7,400Gbps,1ns
107,10,139,6,400Gbps,1ns
107,11,139,7,400Gbps,1ns
108,8,138,8,400Gbps,1ns
108,9,138,9,400Gbps,1ns
108,10,139,8,400Gbps,1ns
108,11,139,9,400Gbps,1ns
109,8,138,10,400Gbps,1ns
109,9,138,11,400Gbps,1ns
109,10,139,10,400Gbps,1ns
109,11,139,11,400Gbps,1ns
110,8,138,12,400Gbps,1ns
110,9,138,13,400Gbps,1ns
110,10,139,12,400Gbps,1ns
110,11,139,13,400Gbps,1ns
111,8,138,14,400Gbps,1ns
111,9,138,15,400Gbps,1ns
111,10,139,14,400Gbps,1ns
111,11,139,15,400Gbps,1ns
112,8,140,0,400Gbps,1ns
112,9,140,1,400Gbps,1ns
112,10,141,0,400Gbps,1ns
112,11,141,1,400Gbps,1ns
113,8,140,2,400Gbps,1ns
113,9,140,3,400Gbps,1ns
113,10,141,2,400Gbps,1ns
113,11,141,3,400Gbps,1ns
114,8,140,4,400Gbps,1ns
114,9,140,5,400Gbps,1ns
114,10,141,4,400Gbps,1ns
114,11,141,5,400Gbps,1ns
115,8,140,6,400Gbps,1ns
115,9,140,7,400Gbps,1ns
115,10,141,6,400Gbps,1ns
115,11,141,7,400Gbps,1ns
116,8,140,8,400Gbps,1ns
116,9,140,9,400Gbps,1ns
116,10,141,8,400Gbps,1ns
116,11,141,9,400Gbps,1ns
117,8,140,10,400Gbps,1ns
117,9,140,11,400Gbps,1ns
117,10,141,10,400Gbps,1ns
117,11,141,11,400Gbps,1ns
118,8,140,12,400Gbps,1ns
118,9,140,13,400Gbps,1ns
118,10,141,12,400Gbps,1ns
118,11,141,13,400Gbps,1ns
119,8,140,14,400Gbps,1ns
119,9,140,15,400Gbps,1ns
119,10,141,14,400Gbps,1ns
119,11,141,15,400Gbps,1ns
120,8,142,0,400Gbps,1ns
120,9,142,1,400Gbps,1ns
120,10,143,0,400Gbps,1ns
120,11,143,1,400Gbps,1ns
121,8,142,2,400Gbps,1ns
121,9,142,3,400Gbps,1ns
121,10,143,2,400Gbps,1ns
121,11,143,3,400Gbps,1ns
122,8,142,4,400Gbps,1ns
122,9,142,5,400Gbps,1ns
122,10,143,4,400Gbps,1ns
122,11,143,5,400Gbps,1ns
123,8,142,6,400Gbps,1ns
123,9,142,7,400Gbps,1ns
123,10,143,6,400Gbps,1ns
123,11,143,7,400Gbps,1ns
124,8,142,8,400Gbps,1ns
124,9,142,9,400Gbps,1ns
124,10,143,8,400Gbps,1ns
124,11,143,9,400Gbps,1ns
125,8,142,10,400Gbps,1ns
125,9,142,11,400Gbps,1ns
125,10,143,10,400Gbps,1ns
125,11,143,11,400Gbps,1ns
126,8,142,12,400Gbps,1ns
126,9,142,13,400Gbps,1ns
126,10,143,12,400Gbps,1ns
126,11,143,13,400Gbps,1ns
127,8,142,14,400Gbps,1ns
127,9,142,15,400Gbps,1ns
127,10,143,14,400Gbps,1ns
127,11,143,15,400Gbps,1ns
64,12,144,0,400Gbps,1ns
64,13,145,0,400Gbps,1ns
64,14,146,0,400Gbps,1ns
64,15,147,0,400Gbps,1ns
65,12,144,1,400Gbps,1ns
65,13,145,1,400Gbps,1ns
65,14,146,1,400Gbps,1ns
65,15,147,1,400Gbps,1ns
66,12,144,2,400Gbps,1ns
66,13,145,2,400Gbps,1ns
66,14,146,2,400Gbps,1ns
66,15,147,2,400Gbps,1ns
67,12,144,3,400Gbps,1ns
67,13,145,3,400Gbps,1ns
67,14,146,3,400Gbps,1ns
67,15,147,3,400Gbps,1ns
68,12,144,4,400Gbps,1ns
68,13,145,4,400Gbps,1ns
68,14,146,4,400Gbps,1ns
68,15,147,4,400Gbps,1ns
69,12,144,5,400Gbps,1ns
69,13,145,5,400Gbps,1ns
69,14,146,5,400Gbps,1ns
69,15,147,5,400Gbps,1ns
70,12,144,6,400Gbps,1ns
70,13,145,6,400Gbps,1ns
70,14,146,6,400Gbps,1ns
70,15,147,6,400Gbps,1ns
71,12,144,7,400Gbps,1ns
71,13,145,7,400Gbps,1ns
71,14,146,7,400Gbps,1ns
71,15,147,7,400Gbps,1ns
72,12,148,0,400Gbps,1ns
72,13,149,0,400Gbps,1ns
72,14,150,0,400Gbps,1ns
72,15,151,0,400Gbps,1ns
73,12,148,1,400Gbps,1ns
73,13,149,1,400Gbps,1ns
73,14,150,1,400Gbps,1ns
73,15,151,1,400Gbps,1ns
74,12,148,2,400Gbps,1ns
74,13,149,2,400Gbps,1ns
74,14,150,2,400Gbps,1ns
74,15,151,2,400Gbps,1ns
75,12,148,3,400Gbps,1ns
75,13,149,3,400Gbps,1ns
75,14,150,3,400Gbps,1ns
75,15,151,3,400Gbps,1ns
76,12,148,4,400Gbps,1ns
76,13,149,4,400Gbps,1ns
76,14,150,4,400Gbps,1ns
76,15,151,4,400Gbps,1ns
77,12,148,5,400Gbps,1ns
77,13,149,5,400Gbps,1ns
77,14,150,5,400Gbps,1ns
77,15,151,5,400Gbps,1ns
78,12,148,6,400Gbps,1ns
78,13,149,6,400Gbps,1ns
78,14,150,6,400Gbps,1ns
78,15,151,6,400Gbps,1ns
79,12,148,7,400Gbps,1ns
79,13,149,7,400Gbps,1ns
79,14,150,7,400Gbps,1ns
79,15,151,7,400Gbps,1ns
80,12,152,0,400Gbps,1ns
80,13,153,0,400Gbps,1ns
80,14,154,0,400Gbps,1ns
80,15,155,0,400Gbps,1ns
81,12,152,1,400Gbps,1ns
81,13,153,1,400Gbps,1ns
81,14,154,1,400Gbps,1ns
81,15,155,1,400Gbps,1ns
82,12,152,2,400Gbps,1ns
82,13,153,2,400Gbps,1ns
82,14,154,2,400Gbps,1ns
82,15,155,2,400Gbps,1ns
83,12,152,3,400Gbps,1ns
83,13,153,3,400Gbps,1ns
83,14,154,3,400Gbps,1ns
83,15,155,3,400Gbps,1ns
84,12,152,4,400Gbps,1ns
84,13,153,4,400Gbps,1ns
84,14,154,4,400Gbps,1ns
84,15,155,4,400Gbps,1ns
85,12,152,5,400Gbps,1ns
85,13,153,5,400Gbps,1ns
85,14,154,5,400Gbps,1ns
85,15,155,5,400Gbps,1ns
86,12,152,6,400Gbps,1ns
86,13,153,6,400Gbps,1ns
86,14,154,6,400Gbps,1ns
86,15,155,6,400Gbps,1ns
87,12,152,7,400Gbps,1ns
87,13,153,7,400Gbps,1ns
87,14,154,7,400Gbps,1ns
87,15,155,7,400Gbps,1ns
88,12,156,0,400Gbps,1ns
88,13,157,0,400Gbps,1ns
88,14,158,0,400Gbps,1ns
88,15,159,0,400Gbps,1ns
89,12,156,1,400Gbps,1ns
89,13,157,1,400Gbps,1ns
89,14,158,1,400Gbps,1ns
89,15,159,1,400Gbps,1ns
90,12,156,2,400Gbps,1ns
90,13,157,2,400Gbps,1ns
90,14,158,2,400Gbps,1ns
90,15,159,2,400Gbps,1ns
91,12,156,3,400Gbps,1ns
91,13,157,3,400Gbps,1ns
91,14,158,3,400Gbps,1ns
91,15,159,3,400Gbps,1ns
92,12,156,4,400Gbps,1ns
92,13,157,4,400Gbps,1ns
92,14,158,4,400Gbps,1ns
92,15,159,4,400Gbps,1ns
93,12,156,5,400Gbps,1ns
93,13,157,5,400Gbps,1ns
93,14,158,5,400Gbps,1ns
93,15,159,5,400Gbps,1ns
94,12,156,6,400Gbps,1ns
94,13,157,6,400Gbps,1ns
94,14,158,6,400Gbps,1ns
94,15,159,6,400Gbps,1ns
95,12,156,7,400Gbps,1ns
95,13,157,7,400Gbps,1ns
95,14,158,7,400Gbps,1ns
95,15,159,7,400Gbps,1ns
96,12,160,0,400Gbps,1ns
96,13,161,0,400Gbps,1ns
96,14,162,0,400Gbps,1ns
96,15,163,0,400Gbps,1ns
97,12,160,1,400Gbps,1ns
97,13,161,1,400Gbps,1ns
97,14,162,1,400Gbps,1ns
97,15,163,1,400Gbps,1ns
98,12,160,2,400Gbps,1ns
98,13,161,2,400Gbps,1ns
98,14,162,2,400Gbps,1ns
98,15,163,2,400Gbps,1ns
99,12,160,3,400Gbps,1ns
99,13,161,3,400Gbps,1ns
99,14,162,3,400Gbps,1ns
99,15,163,3,400Gbps,1ns
100,12,160,4,400Gbps,1ns
100,13,161,4,400Gbps,1ns
100,14,162,4,400Gbps,1ns
100,15,163,4,400Gbps,1ns
101,12,160,5,400Gbps,1ns
101,13,161,5,400Gbps,1ns
101,14,162,5,400Gbps,1ns
101,15,163,5,400Gbps,1ns
102,12,160,6,400Gbps,1ns
102,13,161,6,400Gbps,1ns
102,14,162,6,400Gbps,1ns
102,15,163,6,400Gbps,1ns
103,12,160,7,400Gbps,1ns
103,13,161,7,400Gbps,1ns
103,14,162,7,400Gbps,1ns
103,15,163,7,400Gbps,1ns
104,12,164,0,400Gbps,1ns
104,13,165,0,400Gbps,1ns
104,14,166,0,400Gbps,1ns
104,15,167,0,400Gbps,1ns
105,12,164,1,400Gbps,1ns
105,13,165,1,400Gbps,1ns
105,14,166,1,400Gbps,1ns
105,15,167,1,400Gbps,1ns
106,12,164,2,400Gbps,1ns
106,13,165,2,400Gbps,1ns
106,14,166,2,400Gbps,1ns
106,15,167,2,400Gbps,1ns
107,12,164,3,400Gbps,1ns
107,13,165,3,400Gbps,1ns
107,14,166,3,400Gbps,1ns
107,15,167,3,400Gbps,1ns
108,12,164,4,400Gbps,1ns
108,13,165,4,400Gbps,1ns
108,14,166,4,400Gbps,1ns
108,15,167,4,400Gbps,1ns
109,12,164,5,400Gbps,1ns
109,13,165,5,400Gbps,1ns
109,14,166,5,400Gbps,1ns
109,15,167,5,400Gbps,1ns
110,12,164,6,400Gbps,1ns
110,13,165,6,400Gbps,1ns
110,14,166,6,400Gbps,1ns
110,15,167,6,400Gbps,1ns
111,12,164,7,400Gbps,1ns
111,13,165,7,400Gbps,1ns
111,14,166,7,400Gbps,1ns
111,15,167,7,400Gbps,1ns
112,12,168,0,400Gbps,1ns
112,13,169,0,400Gbps,1ns
112,14,170,0,400Gbps,1ns
112,15,171,0,400Gbps,1ns
113,12,168,1,400Gbps,1ns
113,13,169,1,400Gbps,1ns
113,14,170,1,400Gbps,1ns
113,15,171,1,400Gbps,1ns
114,12,168,2,400Gbps,1ns
114,13,169,2,400Gbps,1ns
114,14,170,2,400Gbps,1ns
114,15,171,2,400Gbps,1ns
115,12,168,3,400Gbps,1ns
115,13,169,3,400Gbps,1ns
115,14,170,3,400Gbps,1ns
115,15,171,3,400Gbps,1ns
116,12,168,4,400Gbps,1ns
116,13,169,4,400Gbps,1ns
116,14,170,4,400Gbps,1ns
116,15,171,4,400Gbps,1ns
117,12,168,5,400Gbps,1ns
117,13,169,5,400Gbps,1ns
117,14,170,5,400Gbps,1ns
117,15,171,5,400Gbps,1ns
118,12,168,6,400Gbps,1ns
118,13,169,6,400Gbps,1ns
118,14,170,6,400Gbps,1ns
118,15,171,6,400Gbps,1ns
119,12,168,7,400Gbps,1ns
119,13,169,7,400Gbps,1ns
119,14,170,7,400Gbps,1ns
119,15,171,7,400Gbps,1ns
120,12,172,0,400Gbps,1ns
120,13,173,0,400Gbps,1ns
120,14,174,0,400Gbps,1ns
120,15,175,0,400Gbps,1ns
121,12,172,1,400Gbps,1ns
121,13,173,1,400Gbps,1ns
121,14,174,1,400Gbps,1ns
121,15,175,1,400Gbps,1ns
122,12,172,2,400Gbps,1ns
122,13,173,2,400Gbps,1ns
122,14,174,2,400Gbps,1ns
122,15,175,2,400Gbps,1ns
123,12,172,3,400Gbps,1ns
123,13,173,3,400Gbps,1ns
123,14,174,3,400Gbps,1ns
123,15,175,3,400Gbps,1ns
124,12,172,4,400Gbps,1ns
124,13,173,4,400Gbps,1ns
124,14,174,4,400Gbps,1ns
124,15,175,4,400Gbps,1ns
125,12,172,5,400Gbps,1ns
125,13,173,5,400Gbps,1ns
125,14,174,5,400Gbps,1ns
125,15,175,5,400Gbps,1ns
126,12,172,6,400Gbps,1ns
126,13,173,6,400Gbps,1ns
126,14,174,6,400Gbps,1ns
126,15,175,6,400Gbps,1ns
127,12,172,7,400Gbps,1ns
127,13,173,7,400Gbps,1ns
127,14,174,7,400Gbps,1ns
127,15,175,7,400Gbps,1ns
